p,case,case_label,budget,budget_multiplier,n_design_params,n_fullpr_features,shape_nn_fpr_mean,shape_nn_fpr_std,shape_nn_fpr_count,abs_rmse_gap_mean,abs_rmse_gap_std,abs_rmse_gap_count,full_fpr_mse_vs_nn_mean,full_fpr_mse_vs_nn_std,full_fpr_mse_vs_nn_count,dopt_mse_vs_nn_mean,dopt_mse_vs_nn_std,dopt_mse_vs_nn_count,latin_mse_vs_nn_mean,latin_mse_vs_nn_std,latin_mse_vs_nn_count,random_mse_median_mean,random_mse_median_std,random_mse_median_count,dopt_gain_vs_random_median_pct_mean,dopt_gain_vs_random_median_pct_std,dopt_gain_vs_random_median_pct_count,latin_gain_vs_random_median_pct_mean,latin_gain_vs_random_median_pct_std,latin_gain_vs_random_median_pct_count,dopt_shape_gain_vs_random_median_pct_mean,dopt_shape_gain_vs_random_median_pct_std,dopt_shape_gain_vs_random_median_pct_count,latin_shape_gain_vs_random_median_pct_mean,latin_shape_gain_vs_random_median_pct_std,latin_shape_gain_vs_random_median_pct_count,shape_nn_fpr_se,shape_nn_fpr_ci95,abs_rmse_gap_se,abs_rmse_gap_ci95,full_fpr_mse_vs_nn_se,full_fpr_mse_vs_nn_ci95,dopt_mse_vs_nn_se,dopt_mse_vs_nn_ci95,latin_mse_vs_nn_se,latin_mse_vs_nn_ci95,random_mse_median_se,random_mse_median_ci95,dopt_gain_vs_random_median_pct_se,dopt_gain_vs_random_median_pct_ci95,latin_gain_vs_random_median_pct_se,latin_gain_vs_random_median_pct_ci95,dopt_shape_gain_vs_random_median_pct_se,dopt_shape_gain_vs_random_median_pct_ci95,latin_shape_gain_vs_random_median_pct_se,latin_shape_gain_vs_random_median_pct_ci95
5,highdim_poly2,Quadratic,62.0,2.0,31,30,0.0011451513883938933,0.0005773426347929184,6,0.0036815226120607233,0.0016983758717284262,6,0.0004395433311756274,0.00020556827885358873,6,0.0012337634380193252,0.0005970435228895302,6,0.0014306318426256569,0.0009766391176517816,6,0.0011012574230431125,0.0005288731537705876,6,-13.2339542948818,28.735204863825142,6,-20.462403043691058,25.271125651990406,6,28.498162784730212,7.119915165993935,6,10.096779784991051,27.445951493212664,6,0.00023569914366611136,0.0004619703215855783,0.0006933590461982032,0.0013589837305484783,8.39228984155763e-05,0.00016448888089452954,0.00024374199755217298,0.00047773431520225905,0.00039871125018147547,0.0007814740503556919,0.00021591156089907418,0.0004231866593621854,11.731098261785498,22.992952593099574,10.31689384552256,20.22111193722422,2.9066931947647556,5.697118661738921,11.20476277725818,21.961335043426033
5,highdim_poly2,Quadratic,93.0,3.0,31,30,0.0011451513883938933,0.0005773426347929184,6,0.0036815226120607233,0.0016983758717284262,6,0.0004395433311756274,0.00020556827885358873,6,0.0011173564335801474,0.0005602638134845005,6,0.0007683615471559585,0.00043592828308855545,6,0.0008549195859072978,0.000415143408158672,6,-28.83360965204965,14.789942913277574,6,9.101952449762571,17.60997067223572,6,15.636985927656047,5.909887684922597,6,21.23094766999532,7.624535480341924,6,0.00023569914366611136,0.0004619703215855783,0.0006933590461982032,0.0013589837305484783,8.39228984155763e-05,0.00016448888089452954,0.00022872674406381198,0.0004483044183650715,0.0001779669763357497,0.00034881527361806943,0.00016948158667811958,0.00033218390988911436,6.037968910403696,11.834419064391243,7.189240422058997,14.090911227235635,2.4127015442030877,4.728895026638051,3.1127035754306593,6.100899007844093
5,highdim_poly2,Quadratic,124.0,4.0,31,30,0.0011451513883938933,0.0005773426347929184,6,0.0036815226120607233,0.0016983758717284262,6,0.0004395433311756274,0.00020556827885358873,6,0.0009799816679683636,0.0004885044957845889,6,0.0007828429540760683,0.0002885904562430439,6,0.0007226551822738124,0.0003496674365083131,6,-34.95615729267113,31.814295672178556,6,-16.759264583416716,36.30925834349297,6,8.435604069556263,10.254032185682648,6,1.7286524513141213,27.53515172673358,6,0.00023569914366611136,0.0004619703215855783,0.0006933590461982032,0.0013589837305484783,8.39228984155763e-05,0.00016448888089452954,0.00019943112528796983,0.00039088500556442083,0.00011781656040540895,0.00023092045839460154,0.0001427511331854002,0.0002797922210433844,12.988131820478772,25.456738368138392,14.823192646741761,29.053457587613853,4.18619111016637,8.204934575926085,11.24117862010207,22.03271009540006
5,highdim_smooth,Smooth,62.0,2.0,31,30,0.00035747378647227947,0.00016669634716343605,6,0.0014426545403615904,0.0007838215892550878,6,0.00016221275212188483,6.575876982138656e-05,6,0.0006170193150207443,0.00027612609160159894,6,0.000529153891367717,0.0001916821096576994,6,0.00041611963738406475,0.00014071196625089547,6,-46.982189681087725,33.16641151127567,6,-28.387833257360167,38.311284546992916,6,3.517056066483373,23.026762192345526,6,-8.063184745039317,48.79197944195338,6,6.805349875604339e-05,0.00013338485756184503,0.00031999382384205786,0.0006271878947304334,2.684590536258773e-05,5.261797451067195e-05,0.00011272800484882082,0.0002209468895036888,7.825389358026252e-05,0.00015337763141731452,5.744541966973687e-05,0.00011259302255268427,13.54013080029928,26.53865636858659,15.640516421784472,30.655412186697564,9.400636299942976,18.425247147888232,19.919242195525417,39.041714703229815
5,highdim_smooth,Smooth,93.0,3.0,31,30,0.00035747378647227947,0.00016669634716343605,6,0.0014426545403615904,0.0007838215892550878,6,0.00016221275212188483,6.575876982138656e-05,6,0.0006546015933834628,0.0003771470803188092,6,0.0002889905922073426,0.00010111272843629694,6,0.0003312674249436776,0.00012730543787594728,6,-87.26915321959792,41.88674176126591,6,10.463646014653454,17.4987491716277,6,-15.35490320863749,8.912119603844324,6,11.173025955705286,13.716867251980053,6,6.805349875604339e-05,0.00013338485756184503,0.00031999382384205786,0.0006271878947304334,2.684590536258773e-05,5.261797451067195e-05,0.0001539696507935911,0.0003017805155554386,4.1279098528255056e-05,8.090703311537991e-05,5.1972227379609e-05,0.00010186556566403364,17.10019071713811,33.51637380559069,7.143834434572948,14.00191549176298,3.638357592678926,7.131180881650695,5.599887606140604,10.975779708035583
5,highdim_smooth,Smooth,124.0,4.0,31,30,0.00035747378647227947,0.00016669634716343605,6,0.0014426545403615904,0.0007838215892550878,6,0.00016221275212188483,6.575876982138656e-05,6,0.00047078741133716194,0.0001610422806674617,6,0.0002653536682827154,9.289410669872625e-05,6,0.0002709443666541665,0.00010333341470793357,6,-77.63627677096316,40.16246824569042,6,-1.8507897260530584,32.13809010103648,6,-20.016669999995425,16.794484413434834,6,16.209416685770854,22.669942770724145,6,6.805349875604339e-05,0.00013338485756184503,0.00031999382384205786,0.0006271878947304334,2.684590536258773e-05,5.261797451067195e-05,6.574523577489287e-05,0.00012886066211879004,3.792386025392268e-05,7.433076609768845e-05,4.218568990230728e-05,8.268395220852227e-05,16.3962590021123,32.136667644140104,13.120320342521744,25.71582787134262,6.856319551006765,13.438386319973258,9.254965381061742,18.139732146881016
5,highdim_strong,Strong nonlinear,62.0,2.0,31,30,0.0013881897549163566,0.0006291582116268058,6,0.010117531878828698,0.0026891190691921453,6,0.0008615826853134769,0.0004086718850165545,6,0.008050798109582933,0.006650843298110918,6,0.0029142510627985538,0.001242230657935908,6,0.003185237938296925,0.0007130723754324326,6,-130.676231731181,152.2968012587649,6,4.369249000714344,46.65659043277863,6,-4.5709527465278565,20.83948994355381,6,20.17224056549487,33.26833853673908,6,0.00025685276432794486,0.0005034314180827719,0.001097828262851468,0.002151743395188877,0.00016683959841865277,0.0003270056129005594,0.002715195406596823,0.005321782996929774,0.0005071385424641342,0.000993991543229703,0.00029111057824729653,0.0005705767333647012,62.174908757005475,121.86282116373073,19.047473283054504,37.33304763478683,8.507686143594709,16.67506484144563,13.581742334196784,26.620214975025696
5,highdim_strong,Strong nonlinear,93.0,3.0,31,30,0.0013881897549163566,0.0006291582116268058,6,0.010117531878828698,0.0026891190691921453,6,0.0008615826853134769,0.0004086718850165545,6,0.006250383595653399,0.005588586365659267,6,0.0016911784129072975,0.00037888208406462775,6,0.0019045905506256972,0.0006565263195632763,6,-195.18165073004127,191.19259414174945,6,-1.9688119945190425,52.65406275888112,6,-53.04253329545969,29.379601439295804,6,-3.2425887296093827,49.26153200125002,6,0.00025685276432794486,0.0005034314180827719,0.001097828262851468,0.002151743395188877,0.00016683959841865277,0.0003270056129005594,0.0022815308298900494,0.004471800426584497,0.00015467796310676994,0.00030316880768926907,0.0002680257476062394,0.0005253304653082293,78.05404970772041,152.985937427132,21.495931107290172,42.13202497028874,11.994172062102162,23.50857724172024,20.110936225141202,39.41743500127676
5,highdim_strong,Strong nonlinear,124.0,4.0,31,30,0.0013881897549163566,0.0006291582116268058,6,0.010117531878828698,0.0026891190691921453,6,0.0008615826853134769,0.0004086718850165545,6,0.0056184077656178865,0.005425773686551508,6,0.0016941301152338297,0.0006600823521989069,6,0.0015589947957955746,0.0006584332852153857,6,-199.2107118633612,175.6563674697699,6,-21.314519144717725,71.45289406739012,6,-71.7372951312024,21.96641809499149,6,-9.96399027127591,86.66792348544898,6,0.00025685276432794486,0.0005034314180827719,0.001097828262851468,0.002151743395188877,0.00016683959841865277,0.0003270056129005594,0.002215062831978465,0.004341523150677791,0.0002694774918505693,0.0005281758840271158,0.0002688042630736864,0.0005268563556244253,71.71141172862568,140.55436698810632,29.17052185170752,57.17422282934674,8.967752634894742,17.576795164393694,35.38203160098743,69.34878193793537
10,highdim_poly2,Quadratic,172.0,2.0,86,85,0.0017963948190346175,0.0007099624909125174,6,0.009522645688543377,0.003080510997403358,6,0.0013120634821533787,0.0005235643248392743,6,0.0022446467282588385,0.0007731138810897573,6,0.0023142163721748053,0.0008946750992705283,6,0.0029362839031195774,0.0012235759269326489,6,19.678560661730344,21.792370456617494,6,20.41760667000757,6.591913825266382,6,31.773910696575218,7.552411034218759,6,18.802924528120375,8.006849647526646,6,0.0002898409732085011,0.0005680883074886621,0.0012576133484450507,0.0024649221629522993,0.0002137442405635004,0.0004189387115044608,0.00031562242028877573,0.0006186199437660004,0.00036524957979778015,0.0007158891764036491,0.0004995227804229905,0.0009790646496290615,8.896697984069286,17.4375280487758,2.6911375500501045,5.274629598098205,3.0832588936002243,6.043187431456439,3.268782680603938,6.406814053983719
10,highdim_poly2,Quadratic,258.0,3.0,86,85,0.0017963948190346175,0.0007099624909125174,6,0.009522645688543377,0.003080510997403358,6,0.0013120634821533787,0.0005235643248392743,6,0.0017599646626632293,0.0005728800269807554,6,0.001913736740553247,0.0007459473047605442,6,0.002093544285490714,0.0008424992989099098,6,13.19744786402523,10.098565741882446,6,8.504867452477868,5.520449901295582,6,18.445162237793784,6.650461724694635,6,12.32444326582052,8.633506951906234,6,0.0002898409732085011,0.0005680883074886621,0.0012576133484450507,0.0024649221629522993,0.0002137442405635004,0.0004189387115044608,0.00023387729165578515,0.0004583994916453389,0.0003045317119446184,0.0005968821554114521,0.0003439488984969738,0.0006741398410540687,4.122722200260442,8.080535512510465,2.253714234795323,4.417279900198833,2.715039629901939,5.3214776746078005,3.5246144538235975,6.908244329494251
10,highdim_poly2,Quadratic,344.0,4.0,86,85,0.0017963948190346175,0.0007099624909125174,6,0.009522645688543377,0.003080510997403358,6,0.0013120634821533787,0.0005235643248392743,6,0.0016288181374404357,0.0005772729017590593,6,0.0017246406834865874,0.0006262694232891416,6,0.001839354116816405,0.0007337863940256818,6,9.502358351026496,7.732716223718732,6,5.072778270129519,4.6692845380565595,6,13.973080622560039,4.0765420578895,6,7.616870733066595,5.944530844926235,6,0.0002898409732085011,0.0005680883074886621,0.0012576133484450507,0.0024649221629522993,0.0002137442405635004,0.0004189387115044608,0.00023567067527424955,0.0004619145235375291,0.0002556734214275815,0.0005011199059980597,0.0002995670409266272,0.0005871514002161893,3.156868178975351,6.187461630791688,1.906227430350939,3.7362057634878405,1.6642413261374267,3.2619129992293563,2.426844555050839,4.756615327899644
10,highdim_smooth,Smooth,172.0,2.0,86,85,0.00044596802213053366,8.816687789477743e-05,6,0.004224515095573474,0.0008923524070851767,6,0.00035204199027739956,6.093829105944513e-05,6,0.0006450505773093357,0.00010906261519072263,6,0.0006708257810005393,6.854911504704232e-05,6,0.0007876587264420096,0.0001415870195545076,6,16.794306809897453,16.97424168189716,6,13.19590051334896,12.667356939230576,6,23.720102053533335,12.113532681005289,6,14.564800200872442,8.80482365169481,6,3.5993977176079046e-05,7.054819526511493e-05,0.0003643013446838366,0.0007140306355803196,2.4877953148807784e-05,4.876078817166326e-05,4.452462620513065e-05,8.726826736205608e-05,2.79850590307657e-05,5.485071570030077e-05,5.780265868500128e-05,0.0001132932110226025,6.929705148554962,13.582222091167726,5.171426815136435,10.135996557667413,4.945329008498545,9.692844856657148,3.5945542036401945,7.0453262391347815
10,highdim_smooth,Smooth,258.0,3.0,86,85,0.00044596802213053366,8.816687789477743e-05,6,0.004224515095573474,0.0008923524070851767,6,0.00035204199027739956,6.093829105944513e-05,6,0.0005206840193425149,8.392316126854237e-05,6,0.0005688858960862158,7.420144531783476e-05,6,0.0005771524419429184,8.943849308143161e-05,6,9.068861104132468,13.363430984251153,6,-0.40804281076902876,20.48157734297007,6,12.858427509926338,11.334401233357678,6,5.816101198580417,15.489435756030439,6,3.5993977176079046e-05,7.054819526511493e-05,0.0003643013446838366,0.0007140306355803196,2.4877953148807784e-05,4.876078817166326e-05,3.426148711820551e-05,6.71525147516828e-05,3.0292613200953858e-05,5.937352187386956e-05,3.65131119021585e-05,7.156569932823066e-05,5.4555978540523515,10.69297179394261,8.361568936270922,16.388675115091008,4.627249926949773,9.069409856821554,6.323535667649261,12.394129908592552
10,highdim_smooth,Smooth,344.0,4.0,86,85,0.00044596802213053366,8.816687789477743e-05,6,0.004224515095573474,0.0008923524070851767,6,0.00035204199027739956,6.093829105944513e-05,6,0.00048461096849067097,8.107444380228689e-05,6,0.00047976068128504295,5.7580372411533375e-05,6,0.0005023520099773471,8.66157571807702e-05,6,2.686350114871398,13.04920516760985,6,3.6617932754960596,7.40489875589996,6,1.282381135742212,9.777811461068252,6,2.100531028429558,10.97267947961724,6,3.5993977176079046e-05,7.054819526511493e-05,0.0003643013446838366,0.0007140306355803196,2.4877953148807784e-05,4.876078817166326e-05,3.309850308259216e-05,6.487306604188064e-05,2.3507088601281084e-05,4.6073893658510925e-05,3.53607347962825e-05,6.930704020071371e-05,5.327315701588929,10.4415387751143,3.0230372581541447,5.925153025982124,3.991774813459081,7.823878634379798,4.479577639361649,8.779972173148831
10,highdim_strong,Strong nonlinear,172.0,2.0,86,85,0.0007008282658088104,0.00013401408061270665,6,0.0067379936124248785,0.0017488238930061597,6,0.0005645851822458215,6.0962156155806524e-05,6,0.00256010402739478,0.000469557863102013,6,0.0012203907970190155,0.00018101272355610713,6,0.0013662508526797992,0.0002373812529880408,6,-94.45688462273193,61.40128721734491,6,9.242662541756287,15.355898778733984,6,-54.32244948672951,30.336203042275276,6,9.621649413660458,23.24234368460615,6,5.471101930822382e-05,0.00010723359784411869,0.0007139543646421224,0.0013993505546985598,2.4887696033599078e-05,4.877988422585419e-05,0.00019169619488526143,0.0003757245419751124,7.389813494398856e-05,0.00014484034449021758,9.691049072053744e-05,0.00018994456181225337,25.066970538761705,49.13126225597294,6.269019424954271,12.287278072910372,12.384703031173522,24.274017941100105,9.488647075614026,18.59774826820349
10,highdim_strong,Strong nonlinear,258.0,3.0,86,85,0.0007008282658088104,0.00013401408061270665,6,0.0067379936124248785,0.0017488238930061597,6,0.0005645851822458215,6.0962156155806524e-05,6,0.0017764040258978044,0.00022985758621636688,6,0.0010976628766963023,0.0003108079094420893,6,0.0010071627960066114,0.000148272281642611,6,-78.7545530038148,28.757139760000584,6,-8.940491324551608,23.987831440256684,6,-53.27552753057842,19.99522696074634,6,-8.44361220530088,20.205440378251073,6,5.471101930822382e-05,0.00010723359784411869,0.0007139543646421224,0.0013993505546985598,2.4887696033599078e-05,4.877988422585419e-05,9.383896662298179e-05,0.0001839243745810443,0.00012688679769238013,0.00024869812347706505,6.053190550377237e-05,0.00011864253478739383,11.740053145650624,23.010504165475222,9.792991177420097,19.19426270774339,8.163017224161637,15.999513759356807,8.248836492490511,16.167719525281402
10,highdim_strong,Strong nonlinear,344.0,4.0,86,85,0.0007008282658088104,0.00013401408061270665,6,0.0067379936124248785,0.0017488238930061597,6,0.0005645851822458215,6.0962156155806524e-05,6,0.0014389746993191885,0.00016826486393669752,6,0.0009787449177910033,0.00013762309499980145,6,0.0008657168225950073,0.0001267905409258431,6,-68.16122138242041,23.505273322042882,6,-16.237714741394857,30.275326124140683,6,-54.90838667220712,15.207971513817537,6,-12.740571471130435,31.265673147797195,6,5.471101930822382e-05,0.00010723359784411869,0.0007139543646421224,0.0013993505546985598,2.4887696033599078e-05,4.877988422585419e-05,6.869384304729128e-05,0.00013463993237269092,5.618439326201476e-05,0.00011012141079354893,5.176202157996391e-05,0.00010145356229672926,9.595987650609853,18.808135795195312,12.359850133416368,24.22530626149608,6.208628371939136,12.168911609000707,12.764157612790113,25.01774892106862
20,highdim_poly2,Quadratic,542.0,2.0,271,270,0.0024192766065488473,0.0005342735372330541,6,0.021566481976902547,0.004466022853886618,6,0.003431388847422561,0.0006894973349516137,6,0.00483341826258539,0.0011532566407390493,6,0.005754316584762394,0.0012282968988391876,6,0.006159969017546777,0.0011847857450056425,6,22.147053062358793,7.361696926221428,6,6.74296242286072,10.214776078384816,6,20.559841970249146,4.107577090011422,6,4.786713464198711,18.720682915670277,6,0.00021811625821547542,0.0004275078661023318,0.0018232461952717544,0.0035735625427326385,0.00028148610827338587,0.0005517127722158363,0.0004708150520478144,0.0009227975020137161,0.0005014501091331629,0.0009828422139009992,0.00048368675496450795,0.0009480260397304356,3.0054001850429732,5.890584362684227,4.170164871471764,8.173523148084657,1.6769113249456924,3.286746196893557,7.642686796638438,14.979666121411338
20,highdim_poly2,Quadratic,813.0,3.0,271,270,0.0024192766065488473,0.0005342735372330541,6,0.021566481976902547,0.004466022853886618,6,0.003431388847422561,0.0006894973349516137,6,0.004143366043666039,0.0008339736574249837,6,0.004404403117635847,0.000985844297843413,6,0.00470462036081034,0.0009204738793019236,6,12.038829169237133,2.237617305720221,6,6.865150064100372,5.006993196870808,6,11.863225150907281,1.6682860635166719,6,11.103953804302678,6.524189226228742,6,0.00021811625821547542,0.0004275078661023318,0.0018232461952717544,0.0035735625427326385,0.00028148610827338587,0.0005517127722158363,0.00034046831993564495,0.0006673179070738641,0.0004024692492581208,0.0007888397285459167,0.0003757818876416505,0.000736532499777635,0.9135034397726354,1.7904667419543654,2.0440964129867,4.006428969453932,0.681074933435369,1.334906869533323,2.6634890982706376,5.22043863261045
20,highdim_poly2,Quadratic,1084.0,4.0,271,270,0.0024192766065488473,0.0005342735372330541,6,0.021566481976902547,0.004466022853886618,6,0.003431388847422561,0.0006894973349516137,6,0.003900066878223595,0.0007740959088229709,6,0.004072224659843439,0.0007217578035494634,6,0.0042289378153283945,0.0008382078773276096,6,7.815172421746752,2.2983743360935396,6,3.247105246069531,3.4173832755605407,6,4.892300916221587,5.151828547871924,6,0.5134958966641813,7.194368806575834,6,0.00021811625821547542,0.0004275078661023318,0.0018232461952717544,0.0035735625427326385,0.00028148610827338587,0.0005517127722158363,0.0003160233314320483,0.0006194057296068146,0.0002946563894280211,0.0005775265232789214,0.0003421969329723401,0.0006707059886257866,0.9383073935562037,1.8390824913701593,1.3951408801073875,2.734476125010479,2.103225197431639,4.1223213869660125,2.937088766251127,5.756693981852209
20,highdim_smooth,Smooth,542.0,2.0,271,270,0.0005807441347499347,0.00014665986195449903,6,0.010104523102919684,0.0015139475095559056,6,0.0008541262846234089,0.00017821197956237108,6,0.0012212798473285509,0.00023911634916945726,6,0.0013395442306547,0.0003313120185163126,6,0.0014792513035065678,0.0002778529071065772,6,17.390337358873655,5.673122767744533,6,10.188094397219995,6.01598019080459,6,16.339954724641235,10.152181394545856,6,7.959459240466639,10.038106769842368,6,5.987363792259038e-05,0.00011735233032827714,0.0006180664826282215,0.001211410305951314,7.27547359965189e-05,0.00014259928255317704,9.761884077039108e-05,0.0001913329279099665,0.00013525756516941638,0.0002651048277320561,0.0001134329743266747,0.0002223286296802824,2.316042671523325,4.539443636185717,2.4560136283604384,4.813786711586459,4.144610698802383,8.123436969652671,4.098039928281877,8.03215825943248
20,highdim_smooth,Smooth,813.0,3.0,271,270,0.0005807441347499347,0.00014665986195449903,6,0.010104523102919684,0.0015139475095559056,6,0.0008541262846234089,0.00017821197956237108,6,0.0010147773590959768,0.00018719288583900619,6,0.0010907112312984475,0.00023389155266240625,6,0.0011570338862140022,0.00022837471080343393,6,12.08767534201431,3.3141735734768303,6,5.860367125890069,6.403783476048274,6,14.285648046366441,4.006022024507354,6,5.728514192905583,6.338065811309081,6,5.987363792259038e-05,0.00011735233032827714,0.0006180664826282215,0.001211410305951314,7.27547359965189e-05,0.00014259928255317704,7.642117563077135e-05,0.00014978550423631185,9.548582652836594e-05,0.00018715221999559723,9.323358527068102e-05,0.0001827378271305348,1.353005695672428,2.6518911635179587,2.6143336565974424,5.124093966930987,1.6354516430657111,3.205485220408794,2.5875045323143895,5.071508883336203
20,highdim_smooth,Smooth,1084.0,4.0,271,270,0.0005807441347499347,0.00014665986195449903,6,0.010104523102919684,0.0015139475095559056,6,0.0008541262846234089,0.00017821197956237108,6,0.000956456005896431,0.00018254173498294466,6,0.0010042377945954845,0.00020945580638990702,6,0.0010452559443860498,0.00021383310294675187,6,8.255805181097163,3.9515098831337716,6,4.000149810207115,1.992597159875428,6,6.694874158758506,4.988241950981545,6,5.52022662933997,6.07225896284699,6,5.987363792259038e-05,0.00011735233032827714,0.0006180664826282215,0.001211410305951314,7.27547359965189e-05,0.00014259928255317704,7.45223512450947e-05,0.0001460638084403856,8.550997488640942e-05,0.00016759955077736246,8.729699872259468e-05,0.00017110211749628559,1.6131971545404216,3.161866422899226,0.8134743841022922,1.5944097928404928,2.036441248908341,3.9914248478603485,2.478989340836154,4.858819108038862
20,highdim_strong,Strong nonlinear,542.0,2.0,271,270,0.0007310847137264722,0.00038598198555616985,6,0.005780513951678133,0.005930912396347147,6,0.0011214603357337894,0.0004356607100304022,6,0.0020801320032432066,0.00039081198810698786,6,0.0018925453931343062,0.0005891834975261726,6,0.0019688236442885368,0.0005922378060200822,6,-12.150503876319346,32.73786488807264,6,3.522340349786555,10.57193218046734,6,-11.21388492354388,23.71150694393017,6,-9.564597123430518,44.59639557521019,6,0.00015757648575315383,0.0003088499120761815,0.0024212848466996562,0.004745718299531326,0.00017785774009218444,0.0003486011705806815,0.00015954832603746138,0.0003127147190334243,0.00024053315563457963,0.00047144498504377605,0.0002417800718557675,0.0004738889408373043,13.365177373992584,26.195747653025464,4.315973239575691,8.459307549568354,9.68018217418151,18.97315706139576,18.206402254429747,35.684548418682304
20,highdim_strong,Strong nonlinear,813.0,3.0,271,270,0.0007310847137264722,0.00038598198555616985,6,0.005780513951678133,0.005930912396347147,6,0.0011214603357337894,0.0004356607100304022,6,0.001579441305175919,0.00024014753334756359,6,0.0015761871886439723,0.0005059369742844571,6,0.001625560894370903,0.0005580152367769763,6,-2.2805151026907486,18.78312153877541,6,2.5800881391506927,8.075950025434354,6,-13.496500869641496,5.954120636920193,6,3.1470439386776494,19.46954774562812,6,0.00015757648575315383,0.0003088499120761815,0.0024212848466996562,0.004745718299531326,0.00017785774009218444,0.0003486011705806815,9.803981994825637e-05,0.0001921580470985825,0.00020654790483408904,0.00040483389347481454,0.00022780876646698835,0.00044650518227529716,7.668177257780027,15.029627425248853,3.2969927917551662,6.462105871840126,2.430759571238276,4.7642887596270205,7.948409583257239,15.578882783184188
20,highdim_strong,Strong nonlinear,1084.0,4.0,271,270,0.0007310847137264722,0.00038598198555616985,6,0.005780513951678133,0.005930912396347147,6,0.0011214603357337894,0.0004356607100304022,6,0.0013906225183192647,0.00026181313083030894,6,0.0013770031468505872,0.0004475389096540479,6,0.0014435572231985348,0.0004925607116890365,6,-0.4840302458119794,16.18439397408418,6,3.7957682771535777,10.165132769222495,6,8.091615080392891,17.04495140420631,6,13.930389114863559,22.396243097306435,6,0.00015757648575315383,0.0003088499120761815,0.0024212848466996562,0.004745718299531326,0.00017785774009218444,0.0003486011705806815,0.00010688476308246534,0.00020949413564163205,0.00018270699478232632,0.00035810570977335955,0.0002010870684967129,0.0003941306542535573,6.607251172113513,12.950212297342485,4.149898075373278,8.133800227731625,6.9585722718068475,13.63880165274142,9.143227957288445,17.920726796285354
50,highdim_smooth,Smooth,2852.0,2.0,1426,1425,0.002380852555921942,0.0005203823661430904,6,0.05890414156358259,0.008142442734656393,6,0.008816844569838231,0.001975883725615758,6,0.009635766951903326,0.002007864955342979,6,0.010252930244012902,0.0021841742243783576,6,0.010080593641972684,0.0021755684788672723,6,4.2981649405504285,1.213276934980506,6,-1.7750252458943485,1.2156701661992613,6,4.98556763666986,1.8083159464892962,6,-0.8360569876054279,3.697911330462318,6,0.00021244521136545668,0.00041639261427629505,0.0033241383266233745,0.006515311120181814,0.0008066511531380019,0.0015810362601504837,0.0008197074355010719,0.0016066265735821008,0.0008916853931776985,0.001747703370628289,0.0008881721122846309,0.0017408173400778766,0.49531823456502705,0.970823739747453,0.4962952671187687,0.9727387235527867,0.7382418937727976,1.4469541117946831,1.5096659789481905,2.9589453187384533
50,highdim_smooth,Smooth,4278.0,3.0,1426,1425,0.002380852555921942,0.0005203823661430904,6,0.05890414156358259,0.008142442734656393,6,0.008816844569838231,0.001975883725615758,6,0.009117870204424904,0.002047990687210205,6,0.009212790054756325,0.00200069799911153,6,0.009234294136980152,0.002030400268198128,6,1.354704042766037,0.9757627135408461,6,0.21250734278967776,1.4723138766286012,6,2.114994727927797,1.7707596631943838,6,0.8739031183918701,3.1138999316870244,6,0.00021244521136545668,0.00041639261427629505,0.0033241383266233745,0.006515311120181814,0.0008066511531380019,0.0015810362601504837,0.0008360886969394783,0.0016387338460013773,0.0008167815378717536,0.0016008918142286369,0.0008289074384492548,0.0016246585793605393,0.39835345970143055,0.7807727810148039,0.6010696231598495,1.178096461393305,0.7229096053214731,1.4169028264300871,1.2712443237867677,2.4916388746220646
50,highdim_smooth,Smooth,5704.0,4.0,1426,1425,0.002380852555921942,0.0005203823661430904,6,0.05890414156358259,0.008142442734656393,6,0.008816844569838231,0.001975883725615758,6,0.008899667514642808,0.001974205693166117,6,0.009022263743851199,0.002056792483210639,6,0.008978517484920087,0.0020053760722384454,6,0.8417736410327971,0.4693350054197731,6,-0.40402890374805844,0.5961755151476719,6,3.3887247689206306,2.9788323535989067,6,-0.4986760026743469,4.009313727931611,6,0.00021244521136545668,0.00041639261427629505,0.0033241383266233745,0.006515311120181814,0.0008066511531380019,0.0015810362601504837,0.0008059660992590931,0.0015796935545478224,0.0008396820151096671,0.0016457767496149474,0.0008186913532284817,0.001604635052327824,0.19160521361747027,0.37554621869024174,0.24338763487544993,0.47703976435588186,1.2161032159351992,2.3835623032329902,1.6367954753613778,3.2081191317083007
50,highdim_strong,Strong nonlinear,2852.0,2.0,1426,1425,0.0007938694565322713,0.0001964889525613201,6,0.01824220586268924,0.0038307460864793266,6,0.0029331692019212968,0.0005208478476212644,6,0.0037392652145537193,0.0005576782660835802,6,0.0038540809844993702,0.0004693742709863787,6,0.003813243986003858,0.0005596080571890243,6,1.9526171049384002,1.699801675265772,6,-1.4783757711000602,5.338421148417918,6,2.828843643539237,8.391789732273475,6,-6.184696186777477,14.091087105664215,6,8.021627897819403e-05,0.00015722390679726028,0.0015638955410063188,0.0030652352603723846,0.00021263524338316383,0.0004167650770310011,0.00022767119875747297,0.000446235549564647,0.0001916212437179111,0.00037557763768710574,0.00022845903267722288,0.00044777970404735686,0.693941128054862,1.3601246109875293,2.1794013076177476,4.271626562930785,3.425933812132845,6.714830271780376,5.7526622216648,11.275217954463008
50,highdim_strong,Strong nonlinear,4278.0,3.0,1426,1425,0.0007938694565322713,0.0001964889525613201,6,0.01824220586268924,0.0038307460864793266,6,0.0029331692019212968,0.0005208478476212644,6,0.003179396158357342,0.0005259591676988299,6,0.0032701488274097666,0.0005546742337147216,6,0.003257302194903,0.0005329886458818443,6,2.423188369825394,0.8303617696295976,6,-0.31198084567593093,2.972097093819401,6,0.10074769816635554,8.62683293779246,6,-3.1384094563780063,7.617338369151172,6,8.021627897819403e-05,0.00015722390679726028,0.0015638955410063188,0.0030652352603723846,0.00021263524338316383,0.0004167650770310011,0.00021472193106684354,0.00042085498489101333,0.00022644480767838832,0.0004438318230496411,0.00021759170351791222,0.0004264797388951079,0.3389937729178313,0.6644277949189493,1.2133535576443861,2.3781729729829966,3.5218897989711175,6.90290400598339,3.1097653670907563,6.0951401194978825
50,highdim_strong,Strong nonlinear,5704.0,4.0,1426,1425,0.0007938694565322713,0.0001964889525613201,6,0.01824220586268924,0.0038307460864793266,6,0.0029331692019212968,0.0005208478476212644,6,0.003011481580749629,0.0005197291899821638,6,0.0030745015012216873,0.0005333224218095308,6,0.0030610361244258256,0.0005223520676519165,6,1.6533104053361853,0.9133368707747334,6,-0.39593250905409066,0.47095688736958924,6,0.00035824259446748385,13.494674819515764,6,4.745540425379448,5.468985569774143,6,8.021627897819403e-05,0.00015722390679726028,0.0015638955410063188,0.0030652352603723846,0.00021263524338316383,0.0004167650770310011,0.00021217855331438667,0.0004158699644961979,0.00021772796696978823,0.0004267468152607849,0.00021324933863915905,0.0004179687037327517,0.3728682161113991,0.7308217035783422,0.1922673441508169,0.3768439945356011,5.50917792543305,10.79798873384878,2.23270400943183,4.376099858486387
