case,activation,hidden,n_hidden,q,data_seed,init_seed,special,n,p,max_order,NN_mse_vs_y,act_io_mean,act_io_sum,TPR_mse_vs_NN,TPR_mse_vs_y,LTPR_mse_vs_NN,LTPR_mse_vs_y,LTPR_n_terms,shape_NN_LTPR,FPR_mse_vs_y,FPR_mse_vs_NN,FPR_r2_vs_y,shape_NN_FPR_in,mahal_NN_FPR,shape_NN_FPR_ext,abs_rmse_gap,NN_FPR_log10,FPR_mse_delta_vs_NN,FPR_improve_vs_NN_pct,FPR_better_than_NN,TPR_mse_delta_vs_NN,TPR_improve_vs_NN_pct,TPR_better_than_NN,LTPR_mse_delta_vs_NN,LTPR_improve_vs_NN_pct,LTPR_better_than_NN,well_specified
highdim_poly4,softplus,64,1,3,0,0,True,10000,10,1,0.0005960238604126909,0.04788571046258325,0.04788571046258325,0.00033665353535504726,0.0010431901935530924,8.758419803260723e-05,0.0005985109967210469,286,7.434465180584338e-05,0.003184199863105988,0.0027491642319728547,0.8452977367280803,0.0037029494409765557,0.03380006359973425,0.03751824112281711,0.03201511497399595,-0.7277366732961407,0.002588176002693297,-434.2403340868312,False,0.0004471663331404016,-75.02490467928259,False,2.4871363083560057e-06,-0.41728804391050656,False,False
highdim_poly4,softplus,64,1,3,0,1,True,10000,10,1,0.0005592885915440627,0.0422043054975406,0.0422043054975406,0.0005368950384376598,0.0010867445530804772,0.0001025095211404383,0.0004975751780789693,286,7.909163398088384e-05,0.003184199863105988,0.0027423699581475363,0.8452977367280803,0.0037285151590161335,0.02061111982672666,0.03827677275841056,0.0327794317724059,-0.7553643587299841,0.0026249112715619255,-469.3303799233899,False,0.0005274559615364145,-94.30837129722853,False,-6.171341346509335e-05,11.034270034852188,True,False
highdim_poly4,softplus,64,1,3,0,2,True,10000,10,1,0.0008005435040452959,0.032267711034587386,0.032267711034587386,0.00010778194756868133,0.0008553092434347897,8.094930775310704e-05,0.0007458224301689706,286,7.434993687343883e-05,0.003184199863105988,0.0024993263913092104,0.8452977367280803,0.003424658710953561,0.00020687403849523032,0.03646977934695955,0.02813483737979988,-0.5996153815208584,0.0023836563590606923,-297.7547562394338,False,5.476573938949388e-05,-6.84106973734124,False,-5.4721073876325284e-05,6.835490338727312,True,False
highdim_poly4,softplus,64,1,3,0,3,True,10000,10,1,0.0005725567169251992,0.03660083406066757,0.03660083406066757,0.000375700946090835,0.0010146225815181207,7.619512455374977e-05,0.0005332055312414944,286,5.871743395578929e-05,0.003184199863105988,0.0027418639113541096,0.8452977367280803,0.0037264520389163015,0.009644015897239773,0.03847041957834896,0.032500557473216896,-0.7451818053997602,0.002611643146180789,-456.1370199630342,False,0.0004420658645929215,-77.20909588956486,False,-3.935118568370482e-05,6.872888662459932,True,False
highdim_poly4,softplus,64,1,3,0,4,True,10000,10,1,0.0006088001137288464,0.03602175121523613,0.03602175121523613,0.00016974390878161092,0.0007656195345375477,5.6636835715121635e-05,0.0005630449880851801,286,5.1967208875707494e-05,0.003184199863105988,0.002730147632107084,0.8452977367280803,0.0036952490129744755,0.031253083144585,0.038247670964090597,0.03175483975495841,-0.718525594449703,0.002575399749377142,-423.0287891378745,False,0.00015681942080870135,-25.75876995951863,False,-4.575512564366623e-05,7.515623701746731,True,False
highdim_poly4,softplus,64,1,3,0,5,True,10000,10,1,0.0006967349204094758,0.03066669806584387,0.03066669806584387,5.34115723907603e-05,0.0007159211280830855,3.275908603277215e-05,0.000650947408848448,286,3.305000919233338e-05,0.003184199863105988,0.002573579770647672,0.8452977367280803,0.0035184165422109046,0.014744414409017347,0.039098508355917515,0.030032978096121515,-0.659932741388045,0.0024874649426965124,-357.01740645274566,False,1.9186207673609675e-05,-2.7537313132423176,False,-4.5787511561027846e-05,6.57172623615854,True,False
highdim_poly4,softplus,64,1,3,0,6,True,10000,10,1,0.0005972094445814478,0.03527151523367733,0.03527151523367733,0.0003032067337498052,0.0008862430772861377,9.768764186846985e-05,0.000532533652505557,286,7.10251295357442e-05,0.003184199863105988,0.0026947748042205374,0.8452977367280803,0.0036718909598702863,0.014797399697663825,0.038317969351151934,0.03199084581293206,-0.7268736520753859,0.0025869904185245405,-433.179756615809,False,0.0002890336327046898,-48.39736466446173,False,-6.467579207589081e-05,10.829666654253703,True,False
highdim_poly4,softplus,64,1,3,0,7,True,10000,10,1,0.0006527761440167922,0.02439735244829325,0.02439735244829325,3.186099937984249e-05,0.0006719710426143738,2.070079282275242e-05,0.0006340009133456938,286,2.1302787529847413e-05,0.003184199863105988,0.0026719796847127727,0.8452977367280803,0.0036429638551598404,0.0028603257511231493,0.04118093775274078,0.030879230658736816,-0.6882360447836572,0.002531423719089196,-387.7935402958103,False,1.919489859758159e-05,-2.940502463749321,False,-1.8775230671098388e-05,2.8762127481508286,True,False
highdim_poly4,softplus,64,1,3,0,8,True,10000,10,1,0.0005930890849389014,0.04431598707571668,0.04431598707571668,0.0003015818013802304,0.0008900638205909705,0.00011103847072570252,0.000561413098344705,286,9.226213456043034e-05,0.003184199863105988,0.002738382665526741,0.8452977367280803,0.0037246270326024827,0.014629860373746986,0.03748346350053022,0.03207529448579756,-0.7298803878806095,0.002591110778167087,-436.8839090056795,False,0.0002969747356520691,-50.07253432807024,False,-3.167598659419642e-05,5.34084801062552,True,False
highdim_poly4,softplus,64,1,3,0,9,True,10000,10,1,0.0005721078207108843,0.040802881694287606,0.040802881694287606,0.0005814191208537907,0.0011844618308680809,0.00011008038844874633,0.0005253170618943944,286,8.884225243834955e-05,0.003184199863105988,0.0027122785289809114,0.8452977367280803,0.003696947186032194,0.00203962862862931,0.038015252484520916,0.032509939395676174,-0.7455224347324745,0.002612092042395104,-456.573384917094,False,0.0006123540101571965,-107.03472107692978,False,-4.67907588164899e-05,8.178660931142154,True,False
highdim_poly4,softplus,64,1,3,0,0,False,10000,10,1,0.0005960238604126909,0.04788571046258325,0.04788571046258325,0.00033665353535504726,0.0010431901935530924,8.758419803260723e-05,0.0005985109967210469,286,7.434465180584338e-05,0.0047417811653452276,0.003960487622696128,0.7696236700721665,0.005340592444108278,0.03250253783439408,0.028231385639030517,0.04444699234548662,-0.9006778612352853,0.004145757304932537,-695.5690166601697,False,0.0004471663331404016,-75.02490467928259,False,2.4871363083560057e-06,-0.41728804391050656,False,False
highdim_poly4,softplus,64,1,3,0,1,False,10000,10,1,0.0005592885915440627,0.0422043054975406,0.0422043054975406,0.0005368950384376598,0.0010867445530804772,0.0001025095211404383,0.0004975751780789693,286,7.909163398088384e-05,0.0047417811653452276,0.003959053324074343,0.7696236700721665,0.005363974335336148,0.022776054712084708,0.028584978929139457,0.04521130914389658,-0.9283055466691286,0.004182492573801165,-747.8236883492114,False,0.0005274559615364145,-94.30837129722853,False,-6.171341346509335e-05,11.034270034852188,True,False
highdim_poly4,softplus,64,1,3,0,2,False,10000,10,1,0.0008005435040452959,0.032267711034587386,0.032267711034587386,0.00010778194756868133,0.0008553092434347897,8.094930775310704e-05,0.0007458224301689706,286,7.434993687343883e-05,0.0047417811653452276,0.003387962037632304,0.7696236700721665,0.004600970764698826,0.0016387905777042612,0.02432047757344263,0.04056671475129055,-0.772556569460003,0.003941237661299932,-492.3202351132851,False,5.476573938949388e-05,-6.84106973734124,False,-5.4721073876325284e-05,6.835490338727312,True,False
highdim_poly4,softplus,64,1,3,0,3,False,10000,10,1,0.0005725567169251992,0.03660083406066757,0.03660083406066757,0.000375700946090835,0.0010146225815181207,7.619512455374977e-05,0.0005332055312414944,286,5.871743395578929e-05,0.0047417811653452276,0.003917394823214282,0.7696236700721665,0.005317064567929405,0.00796059184442675,0.02928049252624339,0.04493243484470756,-0.9181229933389048,0.0041692244484200286,-728.1766723146679,False,0.0004420658645929215,-77.20909588956486,False,-3.935118568370482e-05,6.872888662459932,True,False
highdim_poly4,softplus,64,1,3,0,4,False,10000,10,1,0.0006088001137288464,0.03602175121523613,0.03602175121523613,0.00016974390878161092,0.0007656195345375477,5.6636835715121635e-05,0.0005630449880851801,286,5.1967208875707494e-05,0.0047417811653452276,0.003948215673643323,0.7696236700721665,0.005340552860346702,0.03358558951422536,0.02950399894354655,0.04418671712644909,-0.8914667823888476,0.004132981051616381,-678.8732390837184,False,0.00015681942080870135,-25.75876995951863,False,-4.575512564366623e-05,7.515623701746731,True,False
highdim_poly4,softplus,64,1,3,0,5,False,10000,10,1,0.0006967349204094758,0.03066669806584387,0.03066669806584387,5.34115723907603e-05,0.0007159211280830855,3.275908603277215e-05,0.000650947408848448,286,3.305000919233338e-05,0.0047417811653452276,0.003652200722849514,0.7696236700721665,0.0049630884484305445,0.016823190517581892,0.02947527494944973,0.04246485546761219,-0.8328739293271896,0.004045046244935751,-580.5717678910727,False,1.9186207673609675e-05,-2.7537313132423176,False,-4.5787511561027846e-05,6.57172623615854,True,False
highdim_poly4,softplus,64,1,3,0,6,False,10000,10,1,0.0005972094445814478,0.03527151523367733,0.03527151523367733,0.0003032067337498052,0.0008862430772861377,9.768764186846985e-05,0.000532533652505557,286,7.10251295357442e-05,0.0047417811653452276,0.003882790237863942,0.7696236700721665,0.005280340141298936,0.0168711837441548,0.029352616124556797,0.04442272318442274,-0.8998148400145306,0.00414457172076378,-693.9896477471967,False,0.0002890336327046898,-48.39736466446173,False,-6.467579207589081e-05,10.829666654253703,True,False
highdim_poly4,softplus,64,1,3,0,7,False,10000,10,1,0.0006527761440167922,0.02439735244829325,0.02439735244829325,3.186099937984249e-05,0.0006719710426143738,2.070079282275242e-05,0.0006340009133456938,286,2.1302787529847413e-05,0.0047417811653452276,0.0038421801319144713,0.7696236700721665,0.005230490516311923,0.0010724415961904717,0.033804269143700535,0.04331110803022749,-0.8611772327228018,0.004089005021328435,-626.4023369737679,False,1.919489859758159e-05,-2.940502463749321,False,-1.8775230671098388e-05,2.8762127481508286,True,False
highdim_poly4,softplus,64,1,3,0,8,False,10000,10,1,0.0005930890849389014,0.04431598707571668,0.04431598707571668,0.0003015818013802304,0.0008900638205909705,0.00011103847072570252,0.000561413098344705,286,9.226213456043034e-05,0.0047417811653452276,0.0038943221560020307,0.7696236700721665,0.0052868826963697185,0.01669807441551509,0.026855865173058345,0.044507171857288225,-0.902821575819754,0.004148692080406326,-699.505721106588,False,0.0002969747356520691,-50.07253432807024,False,-3.167598659419642e-05,5.34084801062552,True,False
highdim_poly4,softplus,64,1,3,0,9,False,10000,10,1,0.0005721078207108843,0.040802881694287606,0.040802881694287606,0.0005814191208537907,0.0011844618308680809,0.00011008038844874633,0.0005253170618943944,286,8.884225243834955e-05,0.0047417811653452276,0.00386473452113181,0.7696236700721665,0.005247207191835539,0.003909461353668822,0.027541677345138755,0.04494181676716684,-0.9184636226716191,0.004169673344634343,-728.8264892888949,False,0.0006123540101571965,-107.03472107692978,False,-4.67907588164899e-05,8.178660931142154,True,False
highdim_poly4,softplus,"128,64",2,3,0,0,True,10000,10,2,0.00045436044684874465,0.026326408272313858,0.052652816544627716,,,7.584782273317912e-05,0.00045380796201907814,1001,6.471457992573869e-05,0.0005152087490881206,0.00017164527575159915,0.9749689206180416,0.00023439179010350308,3.3834623974434854e-05,0.04371080936217839,0.0013824778828865208,-0.05458271145888416,6.084830223937595e-05,-13.392077294886583,False,,,,-5.524848296665033e-07,0.12159615422035712,True,False
highdim_poly4,softplus,"128,64",2,3,0,1,True,10000,10,2,0.0004326567572294671,0.020547189296328636,0.04109437859265727,,,4.0769368862343605e-05,0.0004159197544495515,1001,3.565117676584716e-05,0.0005152087490881206,0.00016793244665509995,0.9749689206180416,0.00022605470805583285,0.0044885827788374464,0.04440595979541913,0.001897807447667637,-0.07583973853430205,8.255199185865352e-05,-19.080250216656303,False,,,,-1.673700277991558e-05,3.8684251430837624,True,False
highdim_poly4,softplus,"128,64",2,3,0,2,True,10000,10,2,0.00044985133588230165,0.026027459461433707,0.05205491892286741,,,2.597477489078418e-05,0.0004291662401063641,1001,2.1049604491555632e-05,0.0005152087490881206,0.00019609325473521133,0.9749689206180416,0.0002474823525905167,0.018954781814761346,0.04217171110065367,0.00148851116249607,-0.05891421494409692,6.535741320581894e-05,-14.528669360875023,False,,,,-2.0685095775937578e-05,4.598207035523752,True,False
highdim_poly4,softplus,"128,64",2,3,0,3,True,10000,10,2,0.00040886111831006015,0.03641715761603691,0.07283431523207382,,,0.00010223201037708329,0.00046225162180658864,1001,8.899973701384726e-05,0.0005152087490881206,0.00021510520602661455,0.9749689206180416,0.00026156473922257366,0.02817745928128279,0.044899443209492525,0.0024778957659584676,-0.10040741726822791,0.00010634763077806044,-26.010698013453958,False,,,,5.339050349652849e-05,-13.058346980316127,False,False
highdim_poly4,softplus,"128,64",2,3,0,4,True,10000,10,2,0.00042390621743942046,0.05305558141522161,0.10611116283044322,,,4.3652612114830606e-05,0.00046498357530414756,1001,3.732939103013302e-05,0.0005152087490881206,0.0002772169385298351,0.9749689206180416,0.0003046927819506817,0.03970339403542749,0.043182989877045413,0.002109227347626901,-0.0847134430265581,9.130253164870014e-05,-21.538379927571594,False,,,,4.1077357864727096e-05,-9.690199429688095,False,False
highdim_poly4,softplus,"128,64",2,3,0,5,True,10000,10,2,0.0005581057213044704,0.0293288516483479,0.0586577032966958,,,4.684736874288723e-05,0.0005220378081600866,1001,4.2499944779261e-05,0.0005152087490881206,0.00031404295046006834,0.9749689206180416,0.0002676817513558803,0.07500632658590546,0.04358321397995131,0.0009260510241167232,0.034733245173079526,-4.28969722163498e-05,7.686173170933626,True,,,,-3.606791314438376e-05,6.462559290752582,True,False
highdim_poly4,softplus,"128,64",2,3,0,6,True,10000,10,2,0.00040417152617992693,0.0312794719152236,0.0625589438304472,,,3.198927842405416e-05,0.0004159261292187762,1001,2.8876516846254217e-05,0.0005152087490881206,0.00021000697611935813,0.9749689206180416,0.00026114464871265856,0.019240260092168893,0.04341784382396022,0.002594192599138588,-0.10541751516632017,0.00011103722290819367,-27.472796997273555,False,,,,1.1754603038849267e-05,-2.9083204227544757,False,False
highdim_poly4,softplus,"128,64",2,3,0,7,True,10000,10,2,0.00043973030152269266,0.028867866598123695,0.05773573319624739,,,7.496055178555856e-05,0.00047250516169276667,1001,6.485873479162272e-05,0.0005152087490881206,0.00018917077045452367,0.9749689206180416,0.00023223454547454682,0.029305453671542872,0.04302730572480993,0.0017284629690118292,-0.06879683585090418,7.547844756542794e-05,-17.16471375842468,False,,,,3.277486017007401e-05,-7.453400426711926,False,False
highdim_poly4,softplus,"128,64",2,3,0,8,True,10000,10,2,0.0004311649809660887,0.03721480663523871,0.07442961327047742,,,2.4868839143042894e-05,0.00041560581631310873,1001,1.9547302499484074e-05,0.0005152087490881206,0.00024723611002066236,0.9749689206180416,0.0002992794004708848,0.022359996699035174,0.042995730578413105,0.0019336977231732867,-0.07733974904534409,8.404376812203192e-05,-19.4922528109123,False,,,,-1.555916465297995e-05,3.6086336645701946,True,False
highdim_poly4,softplus,"128,64",2,3,0,9,True,10000,10,2,0.0005047817325153353,0.026091815687148384,0.05218363137429677,,,5.065102880693265e-05,0.0005656171993536401,1001,4.3656058121569606e-05,0.0005152087490881206,0.0002800015979957979,0.9749689206180416,0.00024388242778875254,0.06916604953449149,0.04367929311840257,0.00023086212019481772,-0.008879599555436674,1.0427016572785272e-05,-2.0656485568182674,False,,,,6.0835466838304745e-05,-12.051836054993641,False,False
highdim_poly4,softplus,"128,64",2,3,0,0,False,10000,10,2,0.00045436044684874465,0.026326408272313858,0.052652816544627716,,,7.584782273317912e-05,0.00045380796201907814,1001,6.471457992573869e-05,0.0006488491422955531,0.00010290457770737769,0.9684760897083724,0.00012787918716624378,0.0024866474160036346,0.011819072995902182,0.004156785013295885,-0.15474321689619128,0.00019448869544680847,-42.80493533178367,False,,,,-5.524848296665033e-07,0.12159615422035712,True,False
highdim_poly4,softplus,"128,64",2,3,0,1,False,10000,10,2,0.0004326567572294671,0.020547189296328636,0.04109437859265727,,,4.0769368862343605e-05,0.0004159197544495515,1001,3.565117676584716e-05,0.0006488491422955531,0.00010148045730348636,0.9684760897083724,0.00012274740985294884,0.00693340292183582,0.01219760470612043,0.004672114578077001,-0.17600024397160924,0.00021619238506608604,-49.96856779736474,False,,,,-1.673700277991558e-05,3.8684251430837624,True,False
highdim_poly4,softplus,"128,64",2,3,0,2,False,10000,10,2,0.00044985133588230165,0.026027459461433707,0.05205491892286741,,,2.597477489078418e-05,0.0004291662401063641,1001,2.1049604491555632e-05,0.0006488491422955531,0.00013340242433793786,0.9684760897083724,0.00014526917878957476,0.02139303900027802,0.011733190513635756,0.004262818292905434,-0.1590747203814041,0.00019899780641325146,-44.23634888689469,False,,,,-2.0685095775937578e-05,4.598207035523752,True,False
highdim_poly4,softplus,"128,64",2,3,0,3,False,10000,10,2,0.00040886111831006015,0.03641715761603691,0.07283431523207382,,,0.00010223201037708329,0.00046225162180658864,1001,8.899973701384726e-05,0.0006488491422955531,0.00016179416054746344,0.9684760897083724,0.00018002900634276145,0.025703048231384047,0.013557491312486052,0.005252202896367832,-0.20056792270553506,0.00023998802398549296,-58.69670977211823,False,,,,5.339050349652849e-05,-13.058346980316127,False,False
highdim_poly4,softplus,"128,64",2,3,0,4,False,10000,10,2,0.00042390621743942046,0.05305558141522161,0.10611116283044322,,,4.3652612114830606e-05,0.00046498357530414756,1001,3.732939103013302e-05,0.0006488491422955531,0.0002367935434090349,0.9684760897083724,0.00023542716880317112,0.03720982767638847,0.013254859553313673,0.004883534478036265,-0.18487394846386526,0.00022494292485613265,-53.06431366232055,False,,,,4.1077357864727096e-05,-9.690199429688095,False,False
highdim_poly4,softplus,"128,64",2,3,0,5,False,10000,10,2,0.0005581057213044704,0.0293288516483479,0.0586577032966958,,,4.684736874288723e-05,0.0005220378081600866,1001,4.2499944779261e-05,0.0006488491422955531,0.0002670473432522169,0.9684760897083724,0.0001777318694191869,0.07738581125019596,0.012454817015966388,0.0018482561062926409,-0.06542726026422767,9.074342099108272e-05,-16.259181285399926,False,,,,-3.606791314438376e-05,6.462559290752582,True,False
highdim_poly4,softplus,"128,64",2,3,0,6,False,10000,10,2,0.00040417152617992693,0.0312794719152236,0.0625589438304472,,,3.198927842405416e-05,0.0004159261292187762,1001,2.8876516846254217e-05,0.0006488491422955531,0.00015203826842182945,0.9684760897083724,0.00017074900926138548,0.01677978283256094,0.012597973461571925,0.005368499729547952,-0.20557802060362731,0.0002446776161156262,-60.53806373452985,False,,,,1.1754603038849267e-05,-2.9083204227544757,False,False
highdim_poly4,softplus,"128,64",2,3,0,7,False,10000,10,2,0.00043973030152269266,0.028867866598123695,0.05773573319624739,,,7.496055178555856e-05,0.00047250516169276667,1001,6.485873479162272e-05,0.0006488491422955531,0.00012356000341059992,0.9684760897083724,0.00013521545799447904,0.026831676644487525,0.012078426601970765,0.004502770099421193,-0.16895734128821135,0.00020911884077286046,-47.556158865724356,False,,,,3.277486017007401e-05,-7.453400426711926,False,False
highdim_poly4,softplus,"128,64",2,3,0,8,False,10000,10,2,0.0004311649809660887,0.03721480663523871,0.07442961327047742,,,2.4868839143042894e-05,0.00041560581631310873,1001,1.9547302499484074e-05,0.0006488491422955531,0.00019735209089327045,0.9684760897083724,0.00020850739537270943,0.02479837386268524,0.012293018407790037,0.004708004853582651,-0.17750025448265128,0.00021768416132946443,-50.487440061043685,False,,,,-1.555916465297995e-05,3.6086336645701946,True,False
highdim_poly4,softplus,"128,64",2,3,0,9,False,10000,10,2,0.0005047817325153353,0.026091815687148384,0.05218363137429677,,,5.065102880693265e-05,0.0005656171993536401,1001,4.3656058121569606e-05,0.0006488491422955531,0.0002078540274183794,0.9684760897083724,0.00014356404949806734,0.06666765855092535,0.012333502014706003,0.0030051692506041817,-0.10904010499274386,0.0001440674097802178,-28.540535542426944,False,,,,6.0835466838304745e-05,-12.051836054993641,False,False
