case,case_label,p,n_total,train_n,test_n,data_seed,init_seed,initial_n,initial_fit_n,initial_valid_n,fpr_distance,tpr_distance,combined_distance,initial_nn_valid_mse,initial_fpr_valid_mse,initial_tpr_valid_mse,initial_fpr_mimic_mse,initial_tpr_mimic_mse,distance_norm,raw_dopt_weight,dopt_weight,normalization_low,normalization_high,p_dim,source_prefix
highdim_poly2,Quadratic,20,10000,7500,2500,0,0,375,281,94,0.0405347668884215,0.938664420656605,0.4895995937725133,0.0455633664644754,0.0368289685320588,302.8374612507655,0.0728621960278531,299.77861860928937,0.5858397720661018,0.4141602279338982,0.5692041481570338,0.3542608231506064,0.5852775227246262,20,measure_weighted_sampling_grand_mean_p20
highdim_poly2,Quadratic,20,10000,7500,2500,0,1,375,281,94,0.086816001303272,0.9689857951131234,0.5279008982081977,0.0385776723355384,0.1383765165240969,23651867.61185709,0.1694786462901206,23651535.96494156,0.7516342990691698,0.2483657009308302,0.4614377056050396,0.3542608231506064,0.5852775227246262,20,measure_weighted_sampling_grand_mean_p20
highdim_poly2,Quadratic,20,10000,7500,2500,1,0,375,281,94,0.0553960469317339,0.951995881596246,0.5036959642639899,0.0333054402005258,0.0796502059099183,1183.817079092923,0.1033675871804248,1182.4122490353752,0.6468586097409081,0.3531413902590918,0.5295419036684097,0.3542608231506064,0.5852775227246262,20,measure_weighted_sampling_grand_mean_p20
highdim_poly2,Quadratic,20,10000,7500,2500,1,1,375,281,94,0.0514682408731741,0.8880911473001376,0.4697796940866559,0.0395302220077841,0.0796521430596489,66.84478536554269,0.0995224060863497,66.1294149414169,0.5000455428073337,0.4999544571926663,0.6249703971752331,0.3542608231506064,0.5852775227246262,20,measure_weighted_sampling_grand_mean_p20
highdim_poly2,Quadratic,20,10000,7500,2500,2,0,375,281,94,0.0419422210531005,0.9338016346303266,0.4878719278417136,0.0401871940416552,0.0519562851086162,503.4426843186373,0.0738974388299333,500.44866255269926,0.5783612394146296,0.4216387605853704,0.5740651943804908,0.3542608231506064,0.5852775227246262,20,measure_weighted_sampling_grand_mean_p20
highdim_poly2,Quadratic,20,10000,7500,2500,2,1,375,281,94,0.0503242937130985,0.9023924044919036,0.4763583491025011,0.0364833039626087,0.0733310212835718,61.27342893137007,0.1099394514970122,60.60301344799056,0.5285225101779862,0.4714774898220137,0.6064603683843088,0.3542608231506064,0.5852775227246262,20,measure_weighted_sampling_grand_mean_p20
highdim_poly2,Quadratic,20,10000,7500,2500,3,0,375,281,94,0.0473738279330014,0.942883283949866,0.4951285559414337,0.0500084163660255,0.071822636586514,1236.8991857311066,0.090194131292187,1236.088297489851,0.6097729430408212,0.3902270569591788,0.5536475870234662,0.3542608231506064,0.5852775227246262,20,measure_weighted_sampling_grand_mean_p20
highdim_poly2,Quadratic,20,10000,7500,2500,3,1,375,281,94,0.0534720422172428,0.8989219506707468,0.4761969964439947,0.0338082662199338,0.0745398078163797,94.28193600663587,0.1065750309095981,94.37120089831194,0.5278240643132335,0.4721759356867665,0.6069143581963982,0.3542608231506064,0.5852775227246262,20,measure_weighted_sampling_grand_mean_p20
highdim_poly2,Quadratic,20,10000,7500,2500,4,0,375,281,94,0.0315041461061296,0.8681978106323349,0.4498509783692322,0.0233781447665395,0.0340316349990186,33.977130639196226,0.0548501433194015,33.92349604892839,0.4137802825288738,0.5862197174711262,0.681042816356232,0.3542608231506064,0.5852775227246262,20,measure_weighted_sampling_grand_mean_p20
highdim_poly2,Quadratic,20,10000,7500,2500,4,1,375,281,94,0.0300048004350211,0.9374254510212192,0.4837151257281202,0.0268419364235127,0.0560713406454973,518.6063404721588,0.0611548492663241,518.3780671757888,0.5603677258666553,0.4396322741333447,0.5857609781866739,0.3542608231506064,0.5852775227246262,20,measure_weighted_sampling_grand_mean_p20
highdim_smooth,Smooth,20,10000,7500,2500,0,0,375,281,94,0.0063071777001112,0.6283998392391876,0.3173535084696494,0.0064948753893222,0.0087363951682591,5.104842260094349,0.0114275647690771,5.057970535063187,0.0,1.0,0.95,0.3542608231506064,0.5852775227246262,20,measure_weighted_sampling_grand_mean_p20
highdim_smooth,Smooth,20,10000,7500,2500,0,1,375,281,94,0.0240086729241514,0.9314773752784766,0.477743024101314,0.0117327403474796,0.0350383115597664,212.051417126617,0.0438964530182955,211.53757021896783,0.5345163409329325,0.4654836590670674,0.6025643783935938,0.3542608231506064,0.5852775227246262,20,measure_weighted_sampling_grand_mean_p20
highdim_smooth,Smooth,20,10000,7500,2500,1,0,375,281,94,0.0167849835803833,0.9574018780750956,0.4870934308277394,0.0137185298921043,0.0204503489013709,658946067.7253833,0.0301173510619018,658947459.5612792,0.574991366087681,0.425008633912319,0.5762556120430073,0.3542608231506064,0.5852775227246262,20,measure_weighted_sampling_grand_mean_p20
highdim_smooth,Smooth,20,10000,7500,2500,1,1,375,281,94,0.0159213149546034,0.94434021539159,0.4801307651730968,0.0196217979990795,0.0223006820654366,24109848875.54913,0.0300875723865485,24109842903.991924,0.544852135168525,0.4551478648314749,0.5958461121404587,0.3542608231506064,0.5852775227246262,20,measure_weighted_sampling_grand_mean_p20
highdim_smooth,Smooth,20,10000,7500,2500,2,0,375,281,94,0.0125394692812874,0.7386107365578658,0.3755751029195766,0.0118139244664873,0.0141427557916658,9.81825108784403,0.0211299292504424,9.81980717702905,0.0922629394683258,0.907737060531674,0.890029089345588,0.3542608231506064,0.5852775227246262,20,measure_weighted_sampling_grand_mean_p20
highdim_smooth,Smooth,20,10000,7500,2500,2,1,375,281,94,0.0126812749929377,0.5834736072293625,0.2980774411111501,0.0108562773090078,0.0143429125234354,5.284162111241092,0.0243165384133708,5.205172748833627,0.0,1.0,0.95,0.3542608231506064,0.5852775227246262,20,measure_weighted_sampling_grand_mean_p20
highdim_smooth,Smooth,20,10000,7500,2500,3,0,375,281,94,0.0147924697415178,0.9594460614021568,0.4871192655718372,0.0120592762896899,0.0211937839960377,21205.583610312824,0.0274661694948392,21197.472494132664,0.5751031967221999,0.4248968032778001,0.5761829221305701,0.3542608231506064,0.5852775227246262,20,measure_weighted_sampling_grand_mean_p20
highdim_smooth,Smooth,20,10000,7500,2500,3,1,375,281,94,0.0174872214049397,0.8329555533965691,0.4252213874007544,0.0152145824544884,0.0178131495365804,19.8878325498283,0.0331384196131575,19.855533453408395,0.3071663839929963,0.6928336160070037,0.7503418504045523,0.3542608231506064,0.5852775227246262,20,measure_weighted_sampling_grand_mean_p20
highdim_smooth,Smooth,20,10000,7500,2500,4,0,375,281,94,0.0103793149998812,0.6983961871345616,0.3543877510672214,0.0103725770673344,0.010872336434278,7.454377636775823,0.0176754901094513,7.243468360095503,0.0005494317806853,0.9994505682193148,0.9496428693425544,0.3542608231506064,0.5852775227246262,20,measure_weighted_sampling_grand_mean_p20
highdim_smooth,Smooth,20,10000,7500,2500,4,1,375,281,94,0.0096954983824639,0.5488352487714958,0.2792653735769799,0.0100873382773039,0.0210065197211881,3.4806260493644743,0.0180179359783707,3.4762628293864704,0.0,1.0,0.95,0.3542608231506064,0.5852775227246262,20,measure_weighted_sampling_grand_mean_p20
highdim_strong,Strong nonlinear,20,10000,7500,2500,0,0,375,281,94,0.0138035359606789,0.8006651892691872,0.407234362614933,0.0072990109416159,0.0193996202251637,18.291656783190508,0.0269600669403822,18.201353934564985,0.2293061045457169,0.7706938954542831,0.800951032045284,0.3542608231506064,0.5852775227246262,20,measure_weighted_sampling_grand_mean_p20
highdim_strong,Strong nonlinear,20,10000,7500,2500,0,1,375,281,94,0.0229227008621773,0.9024350401728038,0.4626788705174905,0.0099787253317271,0.0304874868359209,70.53815801489826,0.0386572188467425,70.71549183457141,0.4693082689121617,0.5306917310878383,0.6449496252070948,0.3542608231506064,0.5852775227246262,20,measure_weighted_sampling_grand_mean_p20
highdim_strong,Strong nonlinear,20,10000,7500,2500,1,0,375,281,94,0.0176090537412701,0.6886278900608727,0.3531184719010714,0.0155896948474578,0.018702990623156,7.103639232850919,0.0286486566653681,7.288985705897969,0.0,1.0,0.95,0.3542608231506064,0.5852775227246262,20,measure_weighted_sampling_grand_mean_p20
highdim_strong,Strong nonlinear,20,10000,7500,2500,1,1,375,281,94,0.0144589086263286,0.915593697946002,0.4650263032861653,0.0076128300660412,0.0242427782202731,304.8226100947583,0.0234808708010314,304.3380648660727,0.4794695809428644,0.5205304190571356,0.638344772387138,0.3542608231506064,0.5852775227246262,20,measure_weighted_sampling_grand_mean_p20
highdim_strong,Strong nonlinear,20,10000,7500,2500,2,0,375,281,94,0.0306165239395577,0.8901497933689548,0.4603831586542563,0.0123472909148207,0.0450228612205647,73.32472736534869,0.0555393347971847,73.37610271463006,0.4593708407198819,0.540629159280118,0.6514089535320766,0.3542608231506064,0.5852775227246262,20,measure_weighted_sampling_grand_mean_p20
highdim_strong,Strong nonlinear,20,10000,7500,2500,2,1,375,281,94,0.0248249747564473,0.8334326778591439,0.4291288263077956,0.0120245944917409,0.0321793441057814,29.430528250316677,0.0447213120235589,29.225990212572388,0.3240804811740495,0.6759195188259505,0.7393476872368677,0.3542608231506064,0.5852775227246262,20,measure_weighted_sampling_grand_mean_p20
highdim_strong,Strong nonlinear,20,10000,7500,2500,3,0,375,281,94,0.0183254587147301,0.7971035791675211,0.4077145189411256,0.0102067194307324,0.0251695431249521,21.79841813431585,0.0324585433051904,21.681755599047417,0.2313845531041023,0.7686154468958977,0.7996000404823334,0.3542608231506064,0.5852775227246262,20,measure_weighted_sampling_grand_mean_p20
highdim_strong,Strong nonlinear,20,10000,7500,2500,3,1,375,281,94,0.012857896885708,0.4252050404256823,0.2190314686556952,0.0125036455141314,0.0133658354241994,1.7371894487629966,0.0222264719953508,1.8008739909813205,0.0,1.0,0.95,0.3542608231506064,0.5852775227246262,20,measure_weighted_sampling_grand_mean_p20
highdim_strong,Strong nonlinear,20,10000,7500,2500,4,0,375,281,94,0.0139376368719758,0.8352578660817572,0.4245977514768665,0.0093974788963976,0.0167914180983411,28.23492747307836,0.0256505976140341,28.271756406536827,0.3044668565344278,0.6955331434655722,0.7520965432526219,0.3542608231506064,0.5852775227246262,20,measure_weighted_sampling_grand_mean_p20
highdim_strong,Strong nonlinear,20,10000,7500,2500,4,1,375,281,94,0.0209033549536555,0.9636628150497676,0.4922830850017115,0.0090610964475832,0.0320749256452458,13197.297670659267,0.0420735579186432,13193.827665308758,0.5974557774637481,0.4025442225362519,0.5616537446485637,0.3542608231506064,0.5852775227246262,20,measure_weighted_sampling_grand_mean_p20
highdim_local,Local interior,20,10000,7500,2500,0,0,375,281,94,0.0755976219224675,0.9521789019322676,0.5138882619273676,0.0241492736097736,0.1710461087380394,113151.58010214347,0.1671387624800452,113133.84286845634,0.6909779209516199,0.3090220790483801,0.500864351381447,0.3542608231506064,0.5852775227246262,20,measure_weighted_sampling_grand_mean_p20
highdim_local,Local interior,20,10000,7500,2500,0,1,375,281,94,0.1054690780420058,0.9297825829763078,0.5176258305091568,0.0302342982328119,0.1909049487711807,286.99237282620135,0.1971608481329196,287.083286806499,0.7071567019171564,0.2928432980828436,0.4903481437538483,0.3542608231506064,0.5852775227246262,20,measure_weighted_sampling_grand_mean_p20
highdim_local,Local interior,20,10000,7500,2500,1,0,375,281,94,0.0477733843623308,0.83581886753232,0.4417961259473254,0.0155335644132967,0.0788173771442102,23.118183483941053,0.0863310089949339,22.761741471946625,0.3789133121463885,0.6210866878536114,0.7037063471048474,0.3542608231506064,0.5852775227246262,20,measure_weighted_sampling_grand_mean_p20
highdim_local,Local interior,20,10000,7500,2500,1,1,375,281,94,0.0814465696870392,0.9307231161809396,0.5060848429339894,0.0239413621855706,0.1391094003361835,376.0947870858908,0.1431180585831014,376.0045737368196,0.6571993282881146,0.3428006717118854,0.5228204366127255,0.3542608231506064,0.5852775227246262,20,measure_weighted_sampling_grand_mean_p20
highdim_local,Local interior,20,10000,7500,2500,2,0,375,281,94,0.0655742961050326,0.9444340474493124,0.5050041717771725,0.0168708475120643,0.1223677435318421,1682591.190551467,0.1161133314572954,1682600.9280169876,0.6525214363486592,0.3474785636513408,0.5258610663733715,0.3542608231506064,0.5852775227246262,20,measure_weighted_sampling_grand_mean_p20
highdim_local,Local interior,20,10000,7500,2500,2,1,375,281,94,0.0815613561382602,0.9658336510504472,0.5236975035943537,0.0147469244641791,0.191701109482701,5743806567.76631,0.184259155340047,5743807733.493411,0.733439100966198,0.266560899033802,0.4732645843719713,0.3542608231506064,0.5852775227246262,20,measure_weighted_sampling_grand_mean_p20
highdim_local,Local interior,20,10000,7500,2500,3,0,375,281,94,0.0446703009511145,0.8624612399932274,0.4535657704721709,0.0116783757508395,0.1052517966024759,47.14713537322469,0.0963901576281737,47.45361082541271,0.4298604711463569,0.570139528853643,0.6705906937548679,0.3542608231506064,0.5852775227246262,20,measure_weighted_sampling_grand_mean_p20
highdim_local,Local interior,20,10000,7500,2500,3,1,375,281,94,0.0852115190211457,0.881810053344252,0.4835107861826989,0.0169720279527552,0.2104576550425856,55.718836043736886,0.2344439182737119,55.54922788975546,0.5594832030343315,0.4405167969656685,0.5863359180276845,0.3542608231506064,0.5852775227246262,20,measure_weighted_sampling_grand_mean_p20
highdim_local,Local interior,20,10000,7500,2500,4,0,375,281,94,0.1477523683134358,0.9575539939408452,0.5526531811271405,0.035776156534437,0.2887767132582948,741.3119565499142,0.3091957410459539,741.0559309881307,0.8587792931955007,0.1412207068044992,0.3917934594229245,0.3542608231506064,0.5852775227246262,20,measure_weighted_sampling_grand_mean_p20
highdim_local,Local interior,20,10000,7500,2500,4,1,375,281,94,0.0939118036811876,0.8341121039696315,0.4640119538254095,0.0184736588172624,0.2100161853873625,27.6777618668377,0.2142389780809983,27.574108965624536,0.4750787751585807,0.5249212248414192,0.6411987961469224,0.3542608231506064,0.5852775227246262,20,measure_weighted_sampling_grand_mean_p20
highdim_highfreq,High-frequency,20,10000,7500,2500,0,0,375,281,94,0.2024971898091613,0.9519465925929026,0.577221891201032,0.0451437430634086,0.451063191300018,3569.649635904683,0.4617279547960552,3565.224385773027,0.9651296571267431,0.0348703428732568,0.3226657228676169,0.3542608231506064,0.5852775227246262,20,measure_weighted_sampling_grand_mean_p20
highdim_highfreq,High-frequency,20,10000,7500,2500,0,1,375,281,94,0.2614873948519208,0.9557581253141988,0.6086227600830597,0.0476972530313547,0.6659433947948823,813.8605221789587,0.6515884093312564,814.7123745200781,1.0,0.0,0.3,0.3542608231506064,0.5852775227246262,20,measure_weighted_sampling_grand_mean_p20
highdim_highfreq,High-frequency,20,10000,7500,2500,1,0,375,281,94,0.2415454397211249,0.938538898893596,0.5900421693073604,0.0766154137465183,0.4952195715074575,497.319332936967,0.5272086819312043,496.643958133167,1.0,0.0,0.3,0.3542608231506064,0.5852775227246262,20,measure_weighted_sampling_grand_mean_p20
highdim_highfreq,High-frequency,20,10000,7500,2500,1,1,375,281,94,0.1390055556361093,0.9148514487048504,0.5269285021704799,0.0435670991121314,0.2521109414044171,207.3272547124125,0.2521021115938642,208.45626937253303,0.7474250967062633,0.2525749032937366,0.4641736871409287,0.3542608231506064,0.5852775227246262,20,measure_weighted_sampling_grand_mean_p20
highdim_highfreq,High-frequency,20,10000,7500,2500,2,0,375,281,94,0.2646847465275961,0.9419773475477652,0.6033310470376806,0.1192839115157859,0.6756615015048493,3518.307129711659,0.6491722787933256,3509.8422145127606,1.0,0.0,0.3,0.3542608231506064,0.5852775227246262,20,measure_weighted_sampling_grand_mean_p20
highdim_highfreq,High-frequency,20,10000,7500,2500,2,1,375,281,94,0.2136593411008718,0.955836893996662,0.5847481175487669,0.099850224786501,0.5744231327837399,4470.602329399128,0.5593809893403264,4484.417843817017,0.997708368369752,0.0022916316302479,0.3014895605596611,0.3542608231506064,0.5852775227246262,20,measure_weighted_sampling_grand_mean_p20
highdim_highfreq,High-frequency,20,10000,7500,2500,3,0,375,281,94,0.2053376401483425,0.947114012098516,0.5762258261234292,0.0828586988012312,0.4545973075344688,5978.886765768481,0.4973527517664137,5987.555070373983,0.9608179987945126,0.0391820012054874,0.3254683007835668,0.3542608231506064,0.5852775227246262,20,measure_weighted_sampling_grand_mean_p20
highdim_highfreq,High-frequency,20,10000,7500,2500,3,1,375,281,94,0.24139349690943,0.9500538027580856,0.5957236498337578,0.0914145019742017,0.7553856210746851,341.9793299897842,0.6334113740544376,343.92190264683035,1.0,0.0,0.3,0.3542608231506064,0.5852775227246262,20,measure_weighted_sampling_grand_mean_p20
highdim_highfreq,High-frequency,20,10000,7500,2500,4,0,375,281,94,0.2144898613345727,0.9467012089772576,0.5805955351559152,0.0917964322951832,0.493973067159296,2559.4190453494,0.4832781060899104,2555.6368905076,0.9797331206906502,0.0202668793093497,0.3131734715510773,0.3542608231506064,0.5852775227246262,20,measure_weighted_sampling_grand_mean_p20
highdim_highfreq,High-frequency,20,10000,7500,2500,4,1,375,281,94,0.3117272746801186,0.929555141284542,0.6206412079823304,0.0962296435801108,0.8555913881437907,350.2249424803302,0.8736036659844214,350.46770588864774,1.0,0.0,0.3,0.3542608231506064,0.5852775227246262,20,measure_weighted_sampling_grand_mean_p20
highdim_poly2,Quadratic,50,10000,7500,2500,0,0,375,281,94,0.0044242189143744,0.4491443683924185,0.2267842936533964,0.0786436739516173,0.0499482883090251,4.998527734595136,0.0328792232392943,4.588804189385086,0.2268338280225675,0.7731661719774325,0.802558011785331,0.1532832791761315,0.4773134960005478,50,measure_weighted_sampling_grand_mean_p50
highdim_poly2,Quadratic,50,10000,7500,2500,0,1,375,281,94,0.0042794918270253,0.8345539955609917,0.4194167436940085,0.0778818197375948,0.0402916564879851,45.42618195133806,0.0365633007771874,44.73857434863334,0.8213229837823673,0.1786770162176326,0.4161400605414612,0.1532832791761315,0.4773134960005478,50,measure_weighted_sampling_grand_mean_p50
highdim_poly2,Quadratic,50,10000,7500,2500,1,0,375,281,94,0.0036541101963659,0.761074254174614,0.38236418218549,0.0590840313250086,0.0394533561041482,23.570187538530185,0.0300632716809113,23.54009490330149,0.7069738904427286,0.2930261095572714,0.4904669712122264,0.1532832791761315,0.4773134960005478,50,measure_weighted_sampling_grand_mean_p50
highdim_poly2,Quadratic,50,10000,7500,2500,1,1,375,281,94,0.0029721985131485,0.471281665751768,0.2371269321324582,0.0651041228844753,0.0438049821646207,5.323986552257326,0.0314282419168698,5.44827352675984,0.2587525749234659,0.7412474250765341,0.7818108262997471,0.1532832791761315,0.4773134960005478,50,measure_weighted_sampling_grand_mean_p50
highdim_poly2,Quadratic,50,10000,7500,2500,2,0,375,281,94,0.0037480201299355,0.924691165080354,0.4642195926051448,0.0634670994751842,0.0400160411716845,197.26419830440253,0.0293248508694459,196.233725587484,0.9595904865795334,0.0404095134204666,0.3262661837233033,0.1532832791761315,0.4773134960005478,50,measure_weighted_sampling_grand_mean_p50
highdim_poly2,Quadratic,50,10000,7500,2500,2,1,375,281,94,0.0037232614794855,0.8480511917903429,0.4258872266349142,0.0531775831561575,0.0385352704560872,58.32051380465102,0.0280736818777165,58.44660217290635,0.8412917478202345,0.1587082521797654,0.4031603639168475,0.1532832791761315,0.4773134960005478,50,measure_weighted_sampling_grand_mean_p50
highdim_poly2,Quadratic,50,10000,7500,2500,3,0,375,281,94,0.0041673856003653,0.9310486695622544,0.4676080275813098,0.0736127815865063,0.0427403881563428,279.0706805113631,0.0369277975535112,277.6417300906749,0.9700476439686578,0.0299523560313421,0.3194690314203724,0.1532832791761315,0.4773134960005478,50,measure_weighted_sampling_grand_mean_p50
highdim_poly2,Quadratic,50,10000,7500,2500,3,1,375,281,94,0.0028979726841131,0.8054574175233311,0.4041776951037221,0.0658460248872688,0.0378537361920552,38.8084692012421,0.0271411309675852,37.39943097497592,0.7742932692710688,0.2257067307289312,0.4467093749738052,0.1532832791761315,0.4773134960005478,50,measure_weighted_sampling_grand_mean_p50
highdim_poly2,Quadratic,50,10000,7500,2500,4,0,375,281,94,0.0046233198902659,0.3930473054550069,0.1988353126726364,0.0508897280637103,0.0395083595534623,3.807832663292579,0.0327096261112269,3.650849825880381,0.1405795852711734,0.8594204147288266,0.8586232695737372,0.1532832791761315,0.4773134960005478,50,measure_weighted_sampling_grand_mean_p50
highdim_poly2,Quadratic,50,10000,7500,2500,4,1,375,281,94,0.0036191274543113,0.313583388379083,0.1586012579166972,0.0550354084731965,0.0349384383975432,2.974613418642849,0.0298141139057434,2.7906249387677806,0.0164119840201425,0.9835880159798576,0.9393322103869072,0.1532832791761315,0.4773134960005478,50,measure_weighted_sampling_grand_mean_p50
highdim_smooth,Smooth,50,10000,7500,2500,0,0,375,281,94,0.0061844857898036,0.2590174120365623,0.1326009489131829,0.0205842746035409,0.03727370495777,2.22707334398535,0.0490880832365704,2.141674042994965,0.0,1.0,0.95,0.1532832791761315,0.4773134960005478,50,measure_weighted_sampling_grand_mean_p50
highdim_smooth,Smooth,50,10000,7500,2500,0,1,375,281,94,0.0052095694883042,0.8495861568920013,0.4273978631901527,0.0148409775950037,0.0332513970173737,53.587619992202654,0.0368816401688892,53.53544327279063,0.8459537715353163,0.1540462284646837,0.4001300485020444,0.1532832791761315,0.4773134960005478,50,measure_weighted_sampling_grand_mean_p50
highdim_smooth,Smooth,50,10000,7500,2500,1,0,375,281,94,0.0062483026954803,0.4928463080842939,0.2495473053898871,0.0245962975717647,0.0447643804222049,5.553156419194028,0.0545792261844255,5.6898030155564046,0.2970834854760431,0.7029165145239569,0.7568957344405719,0.1532832791761315,0.4773134960005478,50,measure_weighted_sampling_grand_mean_p50
highdim_smooth,Smooth,50,10000,7500,2500,1,1,375,281,94,0.0036465365397685,0.5774731074773432,0.2905598220085558,0.0215650581104547,0.0397899298436201,9.652520382440697,0.0292214696875595,9.861126209104786,0.4236535227417107,0.5763464772582894,0.674625210217888,0.1532832791761315,0.4773134960005478,50,measure_weighted_sampling_grand_mean_p50
highdim_smooth,Smooth,50,10000,7500,2500,2,0,375,281,94,0.0055090601527008,0.647506361892893,0.3265077110227969,0.0202871094116216,0.0427315394856449,11.689544576745396,0.0353864595298465,11.553195744528017,0.5345934510192031,0.4654065489807969,0.6025142568375179,0.1532832791761315,0.4773134960005478,50,measure_weighted_sampling_grand_mean_p50
highdim_smooth,Smooth,50,10000,7500,2500,2,1,375,281,94,0.0055594090220835,0.3262942091496397,0.1659268090858616,0.0225488688536569,0.0427398094426974,2.56385354711974,0.0366811974085746,2.5097928638741687,0.0390196014237191,0.9609803985762808,0.9246372590745824,0.1532832791761315,0.4773134960005478,50,measure_weighted_sampling_grand_mean_p50
highdim_smooth,Smooth,50,10000,7500,2500,3,0,375,281,94,0.0043747900333889,0.2205897231045194,0.1124822565689541,0.0197839500752432,0.0457007415967855,1.8642786878387647,0.0372450882822128,1.7008301427311985,0.0,1.0,0.95,0.1532832791761315,0.4773134960005478,50,measure_weighted_sampling_grand_mean_p50
highdim_smooth,Smooth,50,10000,7500,2500,3,1,375,281,94,0.0045173022417151,0.1872012870572496,0.0958592946494824,0.0286636622013223,0.0333869576664513,1.4018642425392716,0.0327347754604607,1.3276335069895853,0.0,1.0,0.95,0.1532832791761315,0.4773134960005478,50,measure_weighted_sampling_grand_mean_p50
highdim_smooth,Smooth,50,10000,7500,2500,4,0,375,281,94,0.0046951638382962,0.8202426823630664,0.4124689231006813,0.0154497045460357,0.0303019925976925,43.76582120976919,0.0341189976123463,43.439298950778365,0.7998810927716532,0.2001189072283468,0.4300772896984254,0.1532832791761315,0.4773134960005478,50,measure_weighted_sampling_grand_mean_p50
highdim_smooth,Smooth,50,10000,7500,2500,4,1,375,281,94,0.0047629258670274,0.9523143295463258,0.4785386277066766,0.0196417445486897,0.0358831590686614,621.4745742040044,0.0360407202152947,620.8641468455668,1.0,0.0,0.3,0.1532832791761315,0.4773134960005478,50,measure_weighted_sampling_grand_mean_p50
highdim_strong,Strong nonlinear,50,10000,7500,2500,0,0,375,281,94,0.0070243018125313,0.7458823398806316,0.3764533208465814,0.0203176105866981,0.0501147825076061,28.44729492802032,0.0489185357530153,28.36415759337496,0.6887321925022198,0.3112678074977801,0.5023240748735571,0.1532832791761315,0.4773134960005478,50,measure_weighted_sampling_grand_mean_p50
highdim_strong,Strong nonlinear,50,10000,7500,2500,0,1,375,281,94,0.0092986876315408,0.3514932373252466,0.1803959624783937,0.0144971179153082,0.0613968449206542,3.861476080742144,0.0586029557244114,3.730459760458344,0.0836733177787361,0.916326682221264,0.8956123434438215,0.1532832791761315,0.4773134960005478,50,measure_weighted_sampling_grand_mean_p50
highdim_strong,Strong nonlinear,50,10000,7500,2500,1,0,375,281,94,0.0108560822770324,0.8114547673697896,0.411155424823411,0.0410254796579348,0.0888533785819836,43.15180212443836,0.0784472627187537,44.3344263134015,0.7958274637917915,0.2041725362082085,0.4327121485353355,0.1532832791761315,0.4773134960005478,50,measure_weighted_sampling_grand_mean_p50
highdim_strong,Strong nonlinear,50,10000,7500,2500,1,1,375,281,94,0.0070785592612215,0.3277057465673578,0.1673921529142897,0.0365189703737985,0.08738733120285,2.694393669994291,0.0550617276051379,2.800458081916342,0.0435418458081746,0.9564581541918252,0.9216978002246864,0.1532832791761315,0.4773134960005478,50,measure_weighted_sampling_grand_mean_p50
highdim_strong,Strong nonlinear,50,10000,7500,2500,2,0,375,281,94,0.0064569869308728,0.3071282174121456,0.1567926021715092,0.0209710673296629,0.0428757153606573,2.603282164686201,0.0380863045231768,2.685562976259738,0.0108302337657578,0.989169766234242,0.9429603480522571,0.1532832791761315,0.4773134960005478,50,measure_weighted_sampling_grand_mean_p50
highdim_strong,Strong nonlinear,50,10000,7500,2500,2,1,375,281,94,0.0096714104490655,0.4664338596637336,0.2380526350563996,0.0206459430918438,0.0560203605050168,5.2991855565424455,0.0624487796035151,5.207278430165138,0.2616094162792304,0.7383905837207696,0.7799538794185001,0.1532832791761315,0.4773134960005478,50,measure_weighted_sampling_grand_mean_p50
highdim_strong,Strong nonlinear,50,10000,7500,2500,3,0,375,281,94,0.0069910941670436,0.3978963493955724,0.202443721781308,0.0259836823266168,0.0742134668844905,5.492448376728696,0.0550057368861636,5.40949060406751,0.1517156118554685,0.8482843881445314,0.8513848522939453,0.1532832791761315,0.4773134960005478,50,measure_weighted_sampling_grand_mean_p50
highdim_strong,Strong nonlinear,50,10000,7500,2500,3,1,375,281,94,0.0075644449760081,0.3184482656262062,0.1630063553011072,0.0649248911754813,0.0741103299396903,3.102459303863278,0.0553324437878727,3.272026038838741,0.0300066957343188,0.9699933042656812,0.9304956477726928,0.1532832791761315,0.4773134960005478,50,measure_weighted_sampling_grand_mean_p50
highdim_strong,Strong nonlinear,50,10000,7500,2500,4,0,375,281,94,0.0061831937141199,0.3044546654785525,0.1553189295963362,0.0225787781208434,0.0519651257544258,3.320175601416367,0.0446904763943388,3.4419687483170995,0.0062822857699956,0.9937177142300044,0.9459165142495028,0.1532832791761315,0.4773134960005478,50,measure_weighted_sampling_grand_mean_p50
highdim_strong,Strong nonlinear,50,10000,7500,2500,4,1,375,281,94,0.0086012760980718,0.2613235746905074,0.1349624253942896,0.0154522023135239,0.067144919829807,2.1107446053583656,0.0595503286826793,2.1855025999627493,0.0,1.0,0.95,0.1532832791761315,0.4773134960005478,50,measure_weighted_sampling_grand_mean_p50
highdim_local,Local interior,50,10000,7500,2500,0,0,375,281,94,0.0028699949108104,0.9341618567473804,0.4685159258290953,0.052311893126829,0.0393162807631026,350.70768296944925,0.0318369211628084,351.050714303202,0.972849537744748,0.0271504622552519,0.3176478004659138,0.1532832791761315,0.4773134960005478,50,measure_weighted_sampling_grand_mean_p50
highdim_local,Local interior,50,10000,7500,2500,0,1,375,281,94,0.0021667576989586,0.9031774063832588,0.4526720820411087,0.0447895336235089,0.0445548669094464,115.1673775079878,0.0190117838621089,114.9499796280558,0.9239533454597796,0.0760466545402204,0.3494303254511433,0.1532832791761315,0.4773134960005478,50,measure_weighted_sampling_grand_mean_p50
highdim_local,Local interior,50,10000,7500,2500,1,0,375,281,94,0.0020400251791541,0.418708033777035,0.2103740294780945,0.0617263267880835,0.0360675801824517,4.145214880432777,0.024667465430505,3.908887985670858,0.1761895876917523,0.8238104123082477,0.835476768000361,0.1532832791761315,0.4773134960005478,50,measure_weighted_sampling_grand_mean_p50
highdim_local,Local interior,50,10000,7500,2500,1,1,375,281,94,0.003418892550185,0.5104213771802535,0.2569201348652193,0.0515210207431468,0.0314071353219918,6.34202813162486,0.0269467438582204,5.95075022377481,0.31983700997011,0.68016299002989,0.7421059435194284,0.1532832791761315,0.4773134960005478,50,measure_weighted_sampling_grand_mean_p50
highdim_local,Local interior,50,10000,7500,2500,2,0,375,281,94,0.0038319809280184,0.9284689853737542,0.4661504831508863,0.0539416269982027,0.0409411448060685,191.99156529854284,0.0265854136830457,190.43160223167723,0.9655494695554568,0.0344505304445431,0.322392844788953,0.1532832791761315,0.4773134960005478,50,measure_weighted_sampling_grand_mean_p50
highdim_local,Local interior,50,10000,7500,2500,2,1,375,281,94,0.0045286609440374,0.8658776414569683,0.4352031512005028,0.0529710481479518,0.0387161431391995,61.900576794570256,0.0403835634865674,61.87691625149977,0.8700419201248029,0.1299580798751971,0.3844727519188781,0.1532832791761315,0.4773134960005478,50,measure_weighted_sampling_grand_mean_p50
highdim_local,Local interior,50,10000,7500,2500,3,0,375,281,94,0.0023557374350116,0.6621012171573076,0.3322284772961596,0.0428438001607184,0.0464469141889187,14.339563945983112,0.0201321078815515,14.4520199527656,0.5522484905072724,0.4477515094927276,0.5910384811702729,0.1532832791761315,0.4773134960005478,50,measure_weighted_sampling_grand_mean_p50
highdim_local,Local interior,50,10000,7500,2500,3,1,375,281,94,0.0028953121280401,0.9665137434674528,0.4847045277977465,0.0269415082382207,0.0382270016439513,4634.657809026098,0.026180235591908,4632.33113634709,1.0,0.0,0.3,0.1532832791761315,0.4773134960005478,50,measure_weighted_sampling_grand_mean_p50
highdim_local,Local interior,50,10000,7500,2500,4,0,375,281,94,0.0028432164950411,0.5914910600109228,0.2971671382529819,0.0488254788434447,0.0333291319089815,10.030502245610691,0.0244956675862342,9.743566054470714,0.444044572407324,0.555955427592676,0.6613710279352394,0.1532832791761315,0.4773134960005478,50,measure_weighted_sampling_grand_mean_p50
highdim_local,Local interior,50,10000,7500,2500,4,1,375,281,94,0.0017357433409067,0.1792575068316866,0.0904966250862966,0.0449307192664436,0.0344128091645416,1.3192028170821923,0.0187272942886139,1.2689970360885674,0.0,1.0,0.95,0.1532832791761315,0.4773134960005478,50,measure_weighted_sampling_grand_mean_p50
highdim_highfreq,High-frequency,50,10000,7500,2500,0,0,375,281,94,0.0077255559125132,0.4676144328356706,0.2376699943740919,0.1175006631850788,0.119325339738349,5.153583975809773,0.0539401966484484,5.165897247429132,0.2604285366499858,0.7395714633500141,0.7807214511775091,0.1532832791761315,0.4773134960005478,50,measure_weighted_sampling_grand_mean_p50
highdim_highfreq,High-frequency,50,10000,7500,2500,0,1,375,281,94,0.0128444374442233,0.8908850505777162,0.4518647440109697,0.1478936374138814,0.1573154840733438,98.8080714765636,0.096177487780364,96.3191277579908,0.9214617937827444,0.0785382062172557,0.3510498340412162,0.1532832791761315,0.4773134960005478,50,measure_weighted_sampling_grand_mean_p50
highdim_highfreq,High-frequency,50,10000,7500,2500,1,0,375,281,94,0.0108371627402118,0.9586732525580156,0.4847552076491138,0.1166124761638985,0.1372508884233604,8197.803748281609,0.0834277989042786,8211.52924952019,1.0,0.0,0.3,0.1532832791761315,0.4773134960005478,50,measure_weighted_sampling_grand_mean_p50
highdim_highfreq,High-frequency,50,10000,7500,2500,1,1,375,281,94,0.0152583931612961,0.9710794453562775,0.4931689192587868,0.0996867405674718,0.1596279073990874,11589.57129387444,0.0963633321763469,11573.988881995674,1.0,0.0,0.3,0.1532832791761315,0.4773134960005478,50,measure_weighted_sampling_grand_mean_p50
highdim_highfreq,High-frequency,50,10000,7500,2500,2,0,375,281,94,0.0102725432969452,0.8198439236193003,0.4150582334581227,0.1400442033039553,0.1252793631238571,33.244751927365215,0.0620868462687886,33.57415782390565,0.8078720461550053,0.1921279538449947,0.4248831699992465,0.1532832791761315,0.4773134960005478,50,measure_weighted_sampling_grand_mean_p50
highdim_highfreq,High-frequency,50,10000,7500,2500,2,1,375,281,94,0.0096185043450887,0.9238999786384918,0.4667592414917903,0.0986932015891275,0.1276810124091261,203.04676796394097,0.0759759070971173,201.51357659451105,0.9674281781119304,0.0325718218880696,0.3211716842272452,0.1532832791761315,0.4773134960005478,50,measure_weighted_sampling_grand_mean_p50
highdim_highfreq,High-frequency,50,10000,7500,2500,3,0,375,281,94,0.0131806166799121,0.9370075409486908,0.4750940788143015,0.1006996603122686,0.1251708671643963,612.3530239878345,0.0910713603779372,615.2317311902225,0.993150585744758,0.0068494142552419,0.3044521192659072,0.1532832791761315,0.4773134960005478,50,measure_weighted_sampling_grand_mean_p50
highdim_highfreq,High-frequency,50,10000,7500,2500,3,1,375,281,94,0.0079890696694366,0.946365670841408,0.4771773702554224,0.1414639984720559,0.1254149250791553,689.7997656033839,0.0583929252722437,693.1904345703588,0.9995798979908124,0.0004201020091876,0.3002730663059719,0.1532832791761315,0.4773134960005478,50,measure_weighted_sampling_grand_mean_p50
highdim_highfreq,High-frequency,50,10000,7500,2500,4,0,375,281,94,0.0142133952950458,0.8534043375963455,0.4338088664456956,0.0926541955750024,0.1270308852346039,86.40912579491807,0.1013475137387105,86.42279956074421,0.8657389734167101,0.1342610265832898,0.3872696672791383,0.1532832791761315,0.4773134960005478,50,measure_weighted_sampling_grand_mean_p50
highdim_highfreq,High-frequency,50,10000,7500,2500,4,1,375,281,94,0.0095172457757015,0.9556447912476588,0.4825810185116802,0.1790981751841555,0.1565072387382397,796.7176547264876,0.0662662086198607,794.4446770829258,1.0,0.0,0.3,0.1532832791761315,0.4773134960005478,50,measure_weighted_sampling_grand_mean_p50
