case,case_label,p,activation,hidden,max_order,include_special,data_seed,init_seed,n,n_train,n_eval,nn_mse_vs_y,fpr_mse_vs_y,fpr_mse_vs_nn,shape_nn_fpr,abs_rmse_gap,close_threshold,is_close,budget,status,candidate_domain,n_candidates,budget_multiplier,n_parameters,dopt_mse_vs_nn,dopt_shape_vs_nn,latin_mse_vs_nn,latin_shape_vs_nn,random_mse_median,random_mse_q25,random_mse_q75,random_mse_mean,random_shape_median,random_shape_q25,random_shape_q75,random_shape_mean,dopt_gain_vs_random_median_pct,latin_gain_vs_random_median_pct,dopt_shape_gain_vs_random_median_pct,latin_shape_gain_vs_random_median_pct,elapsed_sec_run
paper_poly3,Poly3,3,tanh,"16,8,4",3,True,0,0,1000,750,250,0.0005555992829613388,5.689059602111271e-09,0.0005553285647158197,0.0011532742238299152,0.023495727764656683,0.0005,False,,skipped_nonclose,,,,,,,,,,,,,,,,,,,,,
paper_poly3,Poly3,3,tanh,"16,8,4",3,True,0,1,1000,750,250,0.0005485750152729452,5.689059602111271e-09,0.0005482343510531179,0.0011382676889031835,0.023346252463879284,0.0005,False,,skipped_nonclose,,,,,,,,,,,,,,,,,,,,,
paper_poly3,Poly3,3,tanh,"16,8,4",3,True,1,0,1000,750,250,6.356678932206705e-05,1.1902147542197664e-09,6.355526683673023e-05,0.00016608802239553795,0.007938378869477087,0.0005,True,26.0,used_close,training_data_region,750.0,1.0,26.0,0.00877880702211268,0.016167287295116507,54.86330315803237,0.8459048150367547,0.0009298467569730704,0.0002510246749287773,0.002730363417953748,0.06453053300227361,0.0021015499744791452,0.0006060971735677336,0.00632590428604276,0.03903133723752382,-844.1133128958071,-5900152.137957533,-669.3030140348415,-40151.47273723083,1.4860703999875113
paper_poly3,Poly3,3,tanh,"16,8,4",3,True,1,0,1000,750,250,6.356678932206705e-05,1.1902147542197664e-09,6.355526683673023e-05,0.00016608802239553795,0.007938378869477087,0.0005,True,52.0,used_close,training_data_region,750.0,2.0,26.0,7.452339224614915e-05,0.00017554540791155042,5.134942671117679e-05,0.0001277000139153652,7.489713569589575e-05,6.243409123589158e-05,9.670846002577303e-05,9.522591379133214e-05,0.0001918748241911799,0.00016053438564016432,0.00024131149729947807,0.000237801832649071,0.4990090025125951,31.44006611992418,8.510452764433134,33.44618583825896,1.6054060999886133
paper_poly3,Poly3,3,tanh,"16,8,4",3,True,1,0,1000,750,250,6.356678932206705e-05,1.1902147542197664e-09,6.355526683673023e-05,0.00016608802239553795,0.007938378869477087,0.0005,True,78.0,used_close,training_data_region,750.0,3.0,26.0,6.276470199382234e-05,0.00015733491969516673,7.624479933222289e-05,0.00019822555238849102,6.616371273873129e-05,5.8886077526049265e-05,7.548229891855505e-05,6.912626211349663e-05,0.00016981118713038694,0.0001540972244960171,0.00019265222600062723,0.00017766649736886624,5.137273294095568,-15.236579351736225,7.347141048864174,-16.73291715244093,1.7327842999948189
paper_poly3,Poly3,3,tanh,"16,8,4",3,True,1,0,1000,750,250,6.356678932206705e-05,1.1902147542197664e-09,6.355526683673023e-05,0.00016608802239553795,0.007938378869477087,0.0005,True,104.0,used_close,training_data_region,750.0,4.0,26.0,6.213104657057848e-05,0.00015261507821197432,5.356482553468641e-05,0.00014011837389669773,6.107909959354603e-05,5.2182819810288e-05,6.961024460294037e-05,6.199419103997331e-05,0.00015783047508726445,0.00013547771342485663,0.00018035718434149603,0.00016038230693908625,-1.722269948366435,12.302529193887498,3.304429561151949,11.222231435832464,1.8691874999931315
paper_poly3,Poly3,3,tanh,"16,8,4",3,True,1,1,1000,750,250,1.2835002053179778e-05,1.1902147542197664e-09,1.2857768495916403e-05,3.4080430401000165e-05,0.003548097620895849,0.0005,True,26.0,used_close,training_data_region,750.0,1.0,26.0,0.00221273204356216,0.004185184115442407,0.00011378134662319933,0.00028034645873279286,0.0005878936946457896,0.00016156521692083407,0.0032475622751739945,0.17843733239638088,0.0013608144572871475,0.00038968204877528256,0.007390913899239977,0.04532788167085742,-276.38302021513397,80.64593179694614,-207.54994503701727,79.39862725358769,1.4526777999999467
paper_poly3,Poly3,3,tanh,"16,8,4",3,True,1,1,1000,750,250,1.2835002053179778e-05,1.1902147542197664e-09,1.2857768495916403e-05,3.4080430401000165e-05,0.003548097620895849,0.0005,True,52.0,used_close,training_data_region,750.0,2.0,26.0,2.072597280032666e-05,4.6669428499348834e-05,2.120011815195628e-05,5.473772760009273e-05,3.4494289447187544e-05,2.7592546763591728e-05,5.261674965548426e-05,4.650715260006408e-05,8.536190689800981e-05,6.910925220070402e-05,0.00013497659196990834,0.00011326379095786182,39.914771017216786,38.540209142690976,45.32757034691206,35.875697264479776,1.570474699998158
paper_poly3,Poly3,3,tanh,"16,8,4",3,True,1,1,1000,750,250,1.2835002053179778e-05,1.1902147542197664e-09,1.2857768495916403e-05,3.4080430401000165e-05,0.003548097620895849,0.0005,True,78.0,used_close,training_data_region,750.0,3.0,26.0,1.4877644349736662e-05,3.7919567091153496e-05,1.9353903729479573e-05,4.5438036637093195e-05,2.7142802701687727e-05,2.021642857123254e-05,3.564633644277141e-05,2.9999135930739028e-05,6.881310335833768e-05,5.11723341602582e-05,9.035296183885236e-05,7.556851310373865e-05,45.18751614102262,28.69600113817223,44.89484525397589,33.96891809910252,1.698745499990764
paper_poly3,Poly3,3,tanh,"16,8,4",3,True,1,1,1000,750,250,1.2835002053179778e-05,1.1902147542197664e-09,1.2857768495916403e-05,3.4080430401000165e-05,0.003548097620895849,0.0005,True,104.0,used_close,training_data_region,750.0,4.0,26.0,1.4555333539276844e-05,3.486913044208127e-05,1.5769354056131728e-05,4.048677460036564e-05,2.3146653193097364e-05,1.8954123460931435e-05,2.82371065735268e-05,2.487443258925929e-05,6.0001031209882196e-05,4.903688118873229e-05,7.185218499090765e-05,6.322436360705701e-05,37.11689799017062,31.8719906304452,41.88578139580656,32.52320204507177,1.8320188999932725
paper_poly3,Poly3,3,tanh,"16,8,4",3,True,2,0,1000,750,250,4.05898827011697e-05,1.3846215251922883e-09,4.0713813730933785e-05,9.204916470431743e-05,0.0063338084659400815,0.0005,True,26.0,used_close,training_data_region,750.0,1.0,26.0,0.0011414729597152209,0.0019883906000923834,7.097039394978492e-05,0.00016758839931410146,0.0015605295029692875,0.00033149172476308435,0.012575513921043793,0.014672639672691157,0.0032353799693322564,0.0007309086256450513,0.026826525319025542,0.02539526324082475,26.853484183202525,95.45215942314795,38.542285019377076,94.8201323831312,1.7828512000123737
paper_poly3,Poly3,3,tanh,"16,8,4",3,True,2,0,1000,750,250,4.05898827011697e-05,1.3846215251922883e-09,4.0713813730933785e-05,9.204916470431743e-05,0.0063338084659400815,0.0005,True,52.0,used_close,training_data_region,750.0,2.0,26.0,2.126871881275564e-05,4.324830781548517e-05,4.1303638495338036e-05,9.480994573175572e-05,7.947500993886922e-05,5.801573950657302e-05,0.0001327237733167449,0.00024304525250301866,0.0001763518931734157,0.00012556384553007673,0.00027883397298548464,0.0005192417350352022,73.23848234921245,48.029401283361814,75.47613068550564,46.23820361342857,1.946311700012302
paper_poly3,Poly3,3,tanh,"16,8,4",3,True,2,0,1000,750,250,4.05898827011697e-05,1.3846215251922883e-09,4.0713813730933785e-05,9.204916470431743e-05,0.0063338084659400815,0.0005,True,78.0,used_close,training_data_region,750.0,3.0,26.0,2.297742230849683e-05,4.153726283809249e-05,1.709483809066768e-05,3.411118360247659e-05,5.380658115608675e-05,3.743602500174945e-05,7.827841235695079e-05,6.316246500546613e-05,0.0001206319928937492,8.419809511885147e-05,0.00017663492580662714,0.00014034599449565607,57.29626039267957,68.22909442791487,65.56695960856928,71.72293785072324,2.143741100007901
paper_poly3,Poly3,3,tanh,"16,8,4",3,True,2,0,1000,750,250,4.05898827011697e-05,1.3846215251922883e-09,4.0713813730933785e-05,9.204916470431743e-05,0.0063338084659400815,0.0005,True,104.0,used_close,training_data_region,750.0,4.0,26.0,2.2458215519953244e-05,4.193667523170784e-05,1.762413135601933e-05,3.385280197072578e-05,4.2225552818504254e-05,2.8372414526530643e-05,5.755094997837271e-05,4.8090591955031815e-05,9.529935508369054e-05,6.37354519172903e-05,0.00012381306624763744,0.00010779607558060674,46.81368502981087,58.2619286672879,55.994796402473405,64.47740707059694,2.3376971000107005
paper_poly3,Poly3,3,tanh,"16,8,4",3,True,2,1,1000,750,250,3.139044201816432e-05,1.3846215251922883e-09,3.139000759357415e-05,7.48787826169577e-05,0.005565506875149388,0.0005,True,26.0,used_close,training_data_region,750.0,1.0,26.0,0.0002381606856858748,0.00040379255554161676,0.02365728243381608,0.04354882473491548,0.0025450435550691238,0.0006491670047036165,0.01913092633820493,0.08295595535143974,0.005114057846597329,0.0014225446212989899,0.03908097808793061,0.0607009456565865,90.64217642910216,-829.5433230090061,92.10426304015542,-751.5512737872327,2.109141000008094
paper_poly3,Poly3,3,tanh,"16,8,4",3,True,2,1,1000,750,250,3.139044201816432e-05,1.3846215251922883e-09,3.139000759357415e-05,7.48787826169577e-05,0.005565506875149388,0.0005,True,52.0,used_close,training_data_region,750.0,2.0,26.0,3.120202732578512e-05,7.553286389157231e-05,8.732224164072768e-05,0.0002085232370206071,0.00010351337918556088,6.527406669730928e-05,0.00015589279584551127,0.00012800174678227709,0.00022389280925306745,0.000147688436190306,0.0003555065780746862,0.00028598271483639326,69.8570102036264,15.641589205399745,66.26382770239081,6.864701141468118,2.2435619000025326
paper_poly3,Poly3,3,tanh,"16,8,4",3,True,2,1,1000,750,250,3.139044201816432e-05,1.3846215251922883e-09,3.139000759357415e-05,7.48787826169577e-05,0.005565506875149388,0.0005,True,78.0,used_close,training_data_region,750.0,3.0,26.0,3.107124720134439e-05,7.525343544189918e-05,2.6275979287778813e-05,6.336203480047181e-05,6.641705509978393e-05,4.510632662666206e-05,0.00010169245939280165,8.836617454222243e-05,0.00015333352088481658,0.00010520312180391619,0.00022637129642090568,0.00020027473408543926,53.217969157675775,60.4379037156914,50.921732568556095,58.676984370515385,2.390802000008989
paper_poly3,Poly3,3,tanh,"16,8,4",3,True,2,1,1000,750,250,3.139044201816432e-05,1.3846215251922883e-09,3.139000759357415e-05,7.48787826169577e-05,0.005565506875149388,0.0005,True,104.0,used_close,training_data_region,750.0,4.0,26.0,2.7395650931183305e-05,6.519959747704483e-05,2.998986042702221e-05,7.236730035996041e-05,5.234133632407839e-05,3.5285669730923794e-05,7.603624226783533e-05,5.951871279979195e-05,0.0001221721671095942,8.132453278266152e-05,0.00017637334900279025,0.0001359729631019968,47.65962649184296,42.703296222060565,46.63301878032686,40.76613186778989,2.5414608999999473
paper_poly3,Poly3,3,tanh,"16,8,4",3,True,3,0,1000,750,250,5.8074933804164175e-06,4.718349877634736e-10,5.81935188898153e-06,1.3585054741774349e-05,0.002388152379029744,0.0005,True,26.0,used_close,training_data_region,750.0,1.0,26.0,0.0006627730631032687,0.0011835890642680343,0.00033214447835084823,0.000715948896310757,0.0004834860119539194,0.00016942743879171335,0.0022872339109927444,0.11087908058058579,0.001021052405422723,0.0003457117830071792,0.004193216205614454,0.03983772057964949,-37.08215888703662,31.302153497978633,-15.918542278740347,29.881278129465937,1.996403700002702
paper_poly3,Poly3,3,tanh,"16,8,4",3,True,3,0,1000,750,250,5.8074933804164175e-06,4.718349877634736e-10,5.81935188898153e-06,1.3585054741774349e-05,0.002388152379029744,0.0005,True,52.0,used_close,training_data_region,750.0,2.0,26.0,8.746126143434323e-06,1.6490101952228015e-05,1.217786841866717e-05,2.572933553349873e-05,2.4767802076800134e-05,1.730568363681612e-05,4.154455221223142e-05,3.905163582648097e-05,5.442997322961421e-05,3.783355408263552e-05,8.75490373298216e-05,8.443979630996e-05,64.68751600842785,50.83185669480897,69.70400502924353,52.729472371851294,2.1314531000098214
paper_poly3,Poly3,3,tanh,"16,8,4",3,True,3,0,1000,750,250,5.8074933804164175e-06,4.718349877634736e-10,5.81935188898153e-06,1.3585054741774349e-05,0.002388152379029744,0.0005,True,78.0,used_close,training_data_region,750.0,3.0,26.0,6.062781810743585e-06,1.3113214911863265e-05,1.0274321192974519e-05,2.293603711644366e-05,1.740781861349464e-05,1.2971866687627968e-05,2.639603758920653e-05,2.3984865501202516e-05,3.8481766822920015e-05,2.9771475950764447e-05,5.974019688032555e-05,5.3146781851030664e-05,65.17207614948559,40.97869801440942,65.92356330153495,40.39765060167978,2.287474700002349
paper_poly3,Poly3,3,tanh,"16,8,4",3,True,3,0,1000,750,250,5.8074933804164175e-06,4.718349877634736e-10,5.81935188898153e-06,1.3585054741774349e-05,0.002388152379029744,0.0005,True,104.0,used_close,training_data_region,750.0,4.0,26.0,5.664456226461221e-06,1.3103058058689061e-05,7.542795630626077e-06,1.781761492972538e-05,1.2013510700219959e-05,1.027380308494518e-05,1.5070789818730635e-05,1.3523134633013135e-05,2.7504135178383176e-05,2.361393929868126e-05,3.407852789694603e-05,3.080234603599148e-05,52.84928471110855,37.21405991266172,52.359679831026334,35.21841419784359,2.4622237000003224
paper_poly3,Poly3,3,tanh,"16,8,4",3,True,3,1,1000,750,250,5.029749445384368e-06,4.718349877634736e-10,5.036722363819198e-06,1.1339103847486306e-05,0.002220988527115745,0.0005,True,26.0,used_close,training_data_region,750.0,1.0,26.0,9.928010936447551e-05,0.0001740707157738269,0.00010120688471250552,0.00020876663222737526,0.0007126021795890553,0.00022216266829995802,0.0051632716682372855,0.15842551028571922,0.0014439269297057305,0.0004766445216720837,0.010589246479960391,0.03740972010561766,86.06794755781851,85.79756172358753,87.94463125573105,85.54174536588762,1.8179820000077598
paper_poly3,Poly3,3,tanh,"16,8,4",3,True,3,1,1000,750,250,5.029749445384368e-06,4.718349877634736e-10,5.036722363819198e-06,1.1339103847486306e-05,0.002220988527115745,0.0005,True,52.0,used_close,training_data_region,750.0,2.0,26.0,1.8537459892263112e-05,3.579652650265331e-05,9.273034354039525e-06,1.923324198877981e-05,1.6690404210574352e-05,1.0808344360743736e-05,3.6503684562728524e-05,3.411421830630391e-05,3.6449134160539506e-05,2.3906188565466987e-05,8.162833973713228e-05,7.48383833938715e-05,-11.066572495101957,44.440924036072694,1.7904613454239997,47.232650564297714,1.957650399999693
paper_poly3,Poly3,3,tanh,"16,8,4",3,True,3,1,1000,750,250,5.029749445384368e-06,4.718349877634736e-10,5.036722363819198e-06,1.1339103847486306e-05,0.002220988527115745,0.0005,True,78.0,used_close,training_data_region,750.0,3.0,26.0,8.442831893122747e-06,1.84578498125244e-05,9.843008184150115e-06,2.346066200149179e-05,9.827690378118566e-06,6.5137517762937745e-06,1.3498707631412e-05,1.4174646850858388e-05,2.186338130165734e-05,1.4802140836730737e-05,3.066049600539714e-05,3.1254006878601336e-05,14.091393111846678,-0.1558637425702254,15.576417216282941,-7.305734999523475,2.0951795000000857
paper_poly3,Poly3,3,tanh,"16,8,4",3,True,3,1,1000,750,250,5.029749445384368e-06,4.718349877634736e-10,5.036722363819198e-06,1.1339103847486306e-05,0.002220988527115745,0.0005,True,104.0,used_close,training_data_region,750.0,4.0,26.0,7.150840571961867e-06,1.59501671871173e-05,1.0523312647233602e-05,2.2897743234590464e-05,8.324502324465847e-06,6.331085689061364e-06,1.0693023702443126e-05,9.38012680285668e-06,1.8680527203719168e-05,1.4338753711714835e-05,2.4552049944923483e-05,2.11543568989238e-05,14.098881912190343,-26.41371504342567,14.616075803568705,-22.57546580393982,2.245366799994372
paper_poly3,Poly3,3,tanh,"16,8,4",3,True,4,0,1000,750,250,7.424021987390006e-06,6.101710016143707e-10,7.436414797420348e-06,1.651772723331576e-05,0.0027000042137158616,0.0005,True,26.0,used_close,training_data_region,750.0,1.0,26.0,1.986144138259304e-05,4.1857776259012306e-05,0.000315622531559814,0.0005637603723948883,0.0015911379805652638,0.0002563394474615896,0.011126777751827317,1601.647231211372,0.0033838658431428674,0.0005227752025330427,0.022729095923806644,0.07050823141255692,98.75174613231613,80.16372335932257,98.76301903800845,83.33975404086118,1.993379299994558
paper_poly3,Poly3,3,tanh,"16,8,4",3,True,4,0,1000,750,250,7.424021987390006e-06,6.101710016143707e-10,7.436414797420348e-06,1.651772723331576e-05,0.0027000042137158616,0.0005,True,52.0,used_close,training_data_region,750.0,2.0,26.0,1.0636644451466607e-05,2.2220139218200415e-05,1.7524973232658184e-05,2.8689616304290465e-05,2.11541531838888e-05,1.4330986588289665e-05,3.981817259421488e-05,7.377462898457302e-05,4.3611207053643775e-05,2.9176557611015243e-05,8.794001316372354e-05,0.0001545261669933639,49.718410569289176,17.155874402926386,49.04947439113843,34.21503727470572,2.140452699997695
paper_poly3,Poly3,3,tanh,"16,8,4",3,True,4,0,1000,750,250,7.424021987390006e-06,6.101710016143707e-10,7.436414797420348e-06,1.651772723331576e-05,0.0027000042137158616,0.0005,True,78.0,used_close,training_data_region,750.0,3.0,26.0,8.868530814280057e-06,1.7302243760627295e-05,8.799086498810876e-06,1.833992636692918e-05,1.6217121499746354e-05,1.0835011969957008e-05,2.5732346835332817e-05,2.1386515044790798e-05,3.534062675052589e-05,2.3186100332039268e-05,5.404287726951418e-05,4.5019861806933946e-05,45.313779548246174,45.74199558812889,51.04149147448318,48.10525999894365,2.3165630999865243
paper_poly3,Poly3,3,tanh,"16,8,4",3,True,4,0,1000,750,250,7.424021987390006e-06,6.101710016143707e-10,7.436414797420348e-06,1.651772723331576e-05,0.0027000042137158616,0.0005,True,104.0,used_close,training_data_region,750.0,4.0,26.0,7.84594606930359e-06,1.6270078178323805e-05,1.556411350612596e-05,3.46066205988251e-05,1.2735011799003036e-05,9.07463299886039e-06,1.9027856086468695e-05,1.7123042555896068e-05,2.8405736478467224e-05,1.992850382418372e-05,4.2161047722257534e-05,3.716669154081778e-05,38.390743619744335,-22.215147907003896,42.72256172390662,-21.82968966517876,2.4789717999956338
paper_poly3,Poly3,3,tanh,"16,8,4",3,True,4,1,1000,750,250,7.018528776825406e-06,6.101710016143707e-10,7.028758588001535e-06,1.5147597324338113e-05,0.0026245489669937446,0.0005,True,26.0,used_close,training_data_region,750.0,1.0,26.0,3.4960146149611724e-05,7.263802193589695e-05,1.460222556146473e-05,3.2215028644256606e-05,0.0010368488939857539,0.00022210389975771714,0.00399198800822538,6.84716420849793,0.00213002178497394,0.0004607384118386271,0.008054222661748899,0.02971850091656552,96.62823133125781,98.59167274555,96.58979910683,98.4875728092776,2.032042000006186
paper_poly3,Poly3,3,tanh,"16,8,4",3,True,4,1,1000,750,250,7.018528776825406e-06,6.101710016143707e-10,7.028758588001535e-06,1.5147597324338113e-05,0.0026245489669937446,0.0005,True,52.0,used_close,training_data_region,750.0,2.0,26.0,9.921660422864447e-06,2.058829578475229e-05,8.775964616636108e-06,1.9365078968530372e-05,1.9173026102754128e-05,1.1763912994702273e-05,2.826344662964118e-05,2.2681385835547816e-05,4.067302947329149e-05,2.5323382705240245e-05,6.0435734542774465e-05,4.7180204100929915e-05,48.251985003873536,54.22754566961406,49.38096313117793,52.38840278360205,2.1975051000044914
paper_poly3,Poly3,3,tanh,"16,8,4",3,True,4,1,1000,750,250,7.018528776825406e-06,6.101710016143707e-10,7.028758588001535e-06,1.5147597324338113e-05,0.0026245489669937446,0.0005,True,78.0,used_close,training_data_region,750.0,3.0,26.0,7.09279792906519e-06,1.502546201682761e-05,6.301480309656875e-06,1.416948033449806e-05,9.691847904769396e-06,6.703910873088896e-06,1.3580123357636252e-05,1.3427996732508155e-05,2.0990742686426526e-05,1.4142229009510912e-05,2.8616286737791316e-05,2.848043155421876e-05,26.81686713660873,34.98164259721934,28.418626052027737,32.49652693965599,2.3527117000048747
paper_poly3,Poly3,3,tanh,"16,8,4",3,True,4,1,1000,750,250,7.018528776825406e-06,6.101710016143707e-10,7.028758588001535e-06,1.5147597324338113e-05,0.0026245489669937446,0.0005,True,104.0,used_close,training_data_region,750.0,4.0,26.0,6.52303415254823e-06,1.3887275687418577e-05,4.574365351827538e-06,1.007679396187652e-05,8.187933418978901e-06,5.833876734903831e-06,1.3341377160824522e-05,1.0864474209114343e-05,1.7548435981294034e-05,1.2893291683360862e-05,2.851769673425568e-05,2.3171199421701712e-05,20.33357113739571,44.13284625367659,20.863171497323833,42.577253194427136,2.500030000010156
paper_poly4,Poly4,3,tanh,"16,8,4",3,True,0,0,1000,750,250,3.788063986576162e-05,1.3225280045979196e-07,3.675841438574307e-05,7.647620419060472e-05,0.005791059222000159,0.0005,True,26.0,used_close,training_data_region,750.0,1.0,26.0,0.00014636458158603455,0.0002453105982138262,0.0011649396563114555,0.0023084310719197515,0.0026130266246908148,0.0005652773311563257,0.012430183107960532,0.08435831216118056,0.0052130268461699995,0.0011439974575481256,0.02266888385686064,0.04231158624360063,94.39865708971286,55.41799515918456,95.29427709749748,55.71802831562721,2.114770400003181
paper_poly4,Poly4,3,tanh,"16,8,4",3,True,0,0,1000,750,250,3.788063986576162e-05,1.3225280045979196e-07,3.675841438574307e-05,7.647620419060472e-05,0.005791059222000159,0.0005,True,52.0,used_close,training_data_region,750.0,2.0,26.0,2.1130971966320833e-05,4.4377684856086804e-05,1.1260845778383365e-05,2.1541762414328304e-05,9.487625425426047e-05,5.335946314391451e-05,0.00023311159505443618,0.00019674642131247433,0.00017889645995100207,0.00010923590558364362,0.00045884074543096285,0.0003902866120150385,77.72786021917393,88.13101774843973,75.1936483996154,87.95853063820917,2.2500314000062644
paper_poly4,Poly4,3,tanh,"16,8,4",3,True,0,0,1000,750,250,3.788063986576162e-05,1.3225280045979196e-07,3.675841438574307e-05,7.647620419060472e-05,0.005791059222000159,0.0005,True,78.0,used_close,training_data_region,750.0,3.0,26.0,2.2277167022094445e-05,4.66769547843995e-05,1.9779159690591583e-05,4.282202863538873e-05,6.413994992588963e-05,3.8937240555481815e-05,0.0001493574980249922,0.000126870089008307,0.00013023150909598756,8.037340047375996e-05,0.00030142610254286226,0.0002555820878586578,65.2678758748104,69.16249589616865,64.15847815293601,67.1185345753564,2.3961032000079285
paper_poly4,Poly4,3,tanh,"16,8,4",3,True,0,0,1000,750,250,3.788063986576162e-05,1.3225280045979196e-07,3.675841438574307e-05,7.647620419060472e-05,0.005791059222000159,0.0005,True,104.0,used_close,training_data_region,750.0,4.0,26.0,2.1400827670755817e-05,4.4999965643444716e-05,3.129471410399835e-05,6.127057728184054e-05,4.028287733759128e-05,2.5875176023518595e-05,7.920003418554423e-05,8.198364585843053e-05,8.277582930522194e-05,5.584013281580578e-05,0.0001624008927590705,0.00016635035027841817,46.87363692666279,22.312614757549444,45.636345753160725,25.980110623941208,2.5444666000112193
paper_poly4,Poly4,3,tanh,"16,8,4",3,True,0,1,1000,750,250,1.4753943105461076e-05,1.3225280045979196e-07,1.4047043362499588e-05,2.9015259989000007e-05,0.0034774204069760077,0.0005,True,26.0,used_close,training_data_region,750.0,1.0,26.0,0.000178439612012994,0.000338186629365326,0.0022844723820662776,0.0046101918385633225,0.0028457293436182605,0.000724678402745035,0.016250927676411876,0.08648024877994681,0.0054809907864361174,0.0013810031795671932,0.03216220177531309,0.0556399372849131,93.72956488595247,19.722780833343815,93.82982671304173,15.887619260878395,1.986828200009768
paper_poly4,Poly4,3,tanh,"16,8,4",3,True,0,1,1000,750,250,1.4753943105461076e-05,1.3225280045979196e-07,1.4047043362499588e-05,2.9015259989000007e-05,0.0034774204069760077,0.0005,True,52.0,used_close,training_data_region,750.0,2.0,26.0,2.0552340180540752e-05,4.061142452625144e-05,1.6152370226273687e-05,3.3733705959204645e-05,8.811647426387669e-05,3.949895812120306e-05,0.00020063897150019556,0.0002703532316617891,0.00017392164026974955,7.714648054494068e-05,0.00040345630227288495,0.000529597389169306,76.67593903156634,81.66929582554197,76.64958514462961,80.60407784397373,2.1369233000004897
paper_poly4,Poly4,3,tanh,"16,8,4",3,True,0,1,1000,750,250,1.4753943105461076e-05,1.3225280045979196e-07,1.4047043362499588e-05,2.9015259989000007e-05,0.0034774204069760077,0.0005,True,78.0,used_close,training_data_region,750.0,3.0,26.0,1.731880972740227e-05,3.546012457143439e-05,4.5444087413001554e-05,9.191515625923738e-05,4.677315557057186e-05,2.852616194457165e-05,8.870399236355001e-05,9.038805217860386e-05,9.052167971215507e-05,5.79570526507146e-05,0.00018037719320620067,0.00018039737034960466,62.972757522695986,2.841519117873058,60.826926009115056,-1.5393843237480174,2.293089900005725
paper_poly4,Poly4,3,tanh,"16,8,4",3,True,0,1,1000,750,250,1.4753943105461076e-05,1.3225280045979196e-07,1.4047043362499588e-05,2.9015259989000007e-05,0.0034774204069760077,0.0005,True,104.0,used_close,training_data_region,750.0,4.0,26.0,1.784364527332449e-05,3.6647258981883875e-05,2.1217943304269007e-05,4.4254766067515826e-05,3.6575440451073706e-05,2.3285320074394074e-05,5.861310837261302e-05,5.389368245085484e-05,7.426734885961672e-05,4.772413831216736e-05,0.00011779541334863034,0.00010869099252648508,51.21413425712916,41.98855012381365,50.65495194778519,40.41154457907464,2.4517430999985663
paper_poly4,Poly4,3,tanh,"16,8,4",3,True,1,0,1000,750,250,1.226136191689875e-05,1.7706963772846683e-07,1.0302423934199085e-05,2.7787801389372428e-05,0.0030808263221480587,0.0005,True,26.0,used_close,training_data_region,750.0,1.0,26.0,0.0022757673923330516,0.004460911963714363,27.450220813586377,0.8150746367291262,0.00044196604387385205,0.0001533928370865098,0.0016661434923200254,0.03425708172892221,0.0010016886743671764,0.00035864552073240305,0.0036380489412255828,0.028802620515020007,-414.91905857424,-6210834.345313945,-345.33916354126444,-81270.05614484512,2.281247999999323
paper_poly4,Poly4,3,tanh,"16,8,4",3,True,1,0,1000,750,250,1.226136191689875e-05,1.7706963772846683e-07,1.0302423934199085e-05,2.7787801389372428e-05,0.0030808263221480587,0.0005,True,52.0,used_close,training_data_region,750.0,2.0,26.0,2.0683821113951486e-05,4.1687445852241054e-05,1.101465274534639e-05,2.53697312538599e-05,2.6475734725163447e-05,1.821006622012764e-05,4.2559917815700635e-05,4.264319884753177e-05,6.766833116013724e-05,4.719540375386545e-05,0.0001042445464307825,0.00010266034702182035,21.876309274647355,58.397178172065296,38.39445256365547,62.508708551091075,2.455762900004629
paper_poly4,Poly4,3,tanh,"16,8,4",3,True,1,0,1000,750,250,1.226136191689875e-05,1.7706963772846683e-07,1.0302423934199085e-05,2.7787801389372428e-05,0.0030808263221480587,0.0005,True,78.0,used_close,training_data_region,750.0,3.0,26.0,9.646463372619599e-06,2.436994292472761e-05,9.871475930898269e-06,2.132902556528186e-05,1.6629719520023972e-05,1.2606294004624565e-05,2.2594457203244154e-05,1.9598952232039386e-05,4.193756329249846e-05,3.291852336309824e-05,5.6711694330486396e-05,4.965002685263752e-05,41.992627350063124,40.63955246501933,41.88994063685441,49.14099940304098,2.683564299994032
paper_poly4,Poly4,3,tanh,"16,8,4",3,True,1,0,1000,750,250,1.226136191689875e-05,1.7706963772846683e-07,1.0302423934199085e-05,2.7787801389372428e-05,0.0030808263221480587,0.0005,True,104.0,used_close,training_data_region,750.0,4.0,26.0,9.398316120942076e-06,2.2027733368496787e-05,1.1993749136054104e-05,2.6415393599016468e-05,1.4561567173492664e-05,1.1343893726606703e-05,1.79203902325326e-05,1.6085677660052445e-05,3.7826531403394575e-05,2.895075255994111e-05,4.5052129312672314e-05,4.097420558895578e-05,35.4580725483283,17.634214826223655,41.76644658854445,30.167021349872076,2.912716699996963
paper_poly4,Poly4,3,tanh,"16,8,4",3,True,1,1,1000,750,250,6.777921498724027e-06,1.7706963772846683e-07,7.203243463125827e-06,1.9473303647077366e-05,0.0021826477282145054,0.0005,True,26.0,used_close,training_data_region,750.0,1.0,26.0,0.0050547190158245995,0.010073479365209173,0.000513924093004621,0.0011975576103694712,0.0026405207212217797,0.0005525213960394357,0.0136620895339949,0.37618014535767785,0.0061044778114727445,0.0013296968862728964,0.030657048862344206,0.08357365364099449,-91.42887140403732,80.53701723019138,-65.01787173797396,80.38230873542068,1.8547114999964833
paper_poly4,Poly4,3,tanh,"16,8,4",3,True,1,1,1000,750,250,6.777921498724027e-06,1.7706963772846683e-07,7.203243463125827e-06,1.9473303647077366e-05,0.0021826477282145054,0.0005,True,52.0,used_close,training_data_region,750.0,2.0,26.0,2.176862036141327e-05,3.728267846900629e-05,1.0685707433633971e-05,2.587887283271495e-05,3.551173745645225e-05,2.048216485297319e-05,6.896158991797427e-05,6.206905846861782e-05,8.843112187103926e-05,5.241526735990915e-05,0.00015781392664179392,0.0001500922531852365,38.700210351273434,69.90936462419567,57.839867141597146,70.73555973828469,1.9954273999901488
paper_poly4,Poly4,3,tanh,"16,8,4",3,True,1,1,1000,750,250,6.777921498724027e-06,1.7706963772846683e-07,7.203243463125827e-06,1.9473303647077366e-05,0.0021826477282145054,0.0005,True,78.0,used_close,training_data_region,750.0,3.0,26.0,1.4064024068946176e-05,2.6271078772507668e-05,9.903907010759171e-06,2.369733690411828e-05,1.757860861913807e-05,1.3055025648224333e-05,2.5896694943039994e-05,2.2580701803480815e-05,4.7063388035289095e-05,3.3119957169825895e-05,6.753199960860489e-05,5.764846640895792e-05,19.99353092351983,43.65932352588672,44.179371972096284,49.64804300457602,2.1419127999979537
paper_poly4,Poly4,3,tanh,"16,8,4",3,True,1,1,1000,750,250,6.777921498724027e-06,1.7706963772846683e-07,7.203243463125827e-06,1.9473303647077366e-05,0.0021826477282145054,0.0005,True,104.0,used_close,training_data_region,750.0,4.0,26.0,9.983429164613046e-06,2.2750498784562238e-05,9.507722660859138e-06,2.2263468528138162e-05,1.2096466501665094e-05,1.0128996364986544e-05,1.880014975302741e-05,1.5274624286624626e-05,3.2245756818852176e-05,2.7065266034113263e-05,4.8855592895865235e-05,3.9840131628554374e-05,17.468219638860536,21.40082676581308,29.446534896456907,30.95690495587303,2.2997086999966996
paper_poly4,Poly4,3,tanh,"16,8,4",3,True,2,0,1000,750,250,0.0005269288085401058,3.5945309274788876e-06,0.0005054230963404234,0.001315918715466705,0.02105900511862085,0.0005,False,,skipped_nonclose,,,,,,,,,,,,,,,,,,,,,
paper_poly4,Poly4,3,tanh,"16,8,4",3,True,2,1,1000,750,250,0.00023392481671180576,3.5945309274788876e-06,0.00022474516513187003,0.0005940385756557227,0.013398676079546762,0.0005,False,,skipped_nonclose,,,,,,,,,,,,,,,,,,,,,
paper_poly4,Poly4,3,tanh,"16,8,4",3,True,3,0,1000,750,250,0.00010931302676908672,1.5557041462011447e-06,9.587083087535364e-05,0.00021510104940977265,0.009208008328427943,0.0005,True,26.0,used_close,training_data_region,750.0,1.0,26.0,0.00023569989778353598,0.0004478485832862173,0.01247966452722893,0.026433776826753304,0.0065554001630783836,0.001418167662269219,0.04023064824103063,1.8035643253456917,0.014389589705917081,0.003055828985437049,0.07643242620366686,0.1036048960473954,96.40449260273911,-90.37227654716568,96.88769038979576,-83.70069867859807,1.634420099988347
paper_poly4,Poly4,3,tanh,"16,8,4",3,True,3,0,1000,750,250,0.00010931302676908672,1.5557041462011447e-06,9.587083087535364e-05,0.00021510104940977265,0.009208008328427943,0.0005,True,52.0,used_close,training_data_region,750.0,2.0,26.0,0.00012272507850826354,0.00023616344836215454,0.0001317221648979384,0.00028614167979765573,0.0002155979766713523,0.00014585637009219922,0.00033492543060694796,0.00028380404216139446,0.00046551821232278733,0.00033857348289546255,0.0007140574936861008,0.0006204305701403238,43.07688763919151,38.9038028410027,49.268698385875325,38.53265624777599,1.7633805999939796
paper_poly4,Poly4,3,tanh,"16,8,4",3,True,3,0,1000,750,250,0.00010931302676908672,1.5557041462011447e-06,9.587083087535364e-05,0.00021510104940977265,0.009208008328427943,0.0005,True,78.0,used_close,training_data_region,750.0,3.0,26.0,0.0001232927286257226,0.0002543388023727604,0.00012762495579258,0.00028915606315074374,0.00014971501541721847,0.000128614810368214,0.00018048386325698532,0.00017001739588667637,0.00033227412867258086,0.0002836997522059221,0.0004002044950046206,0.0003766444281662888,17.648387984240276,14.754738903829374,23.455129236563895,12.976654455190872,1.9171696999983396
paper_poly4,Poly4,3,tanh,"16,8,4",3,True,3,0,1000,750,250,0.00010931302676908672,1.5557041462011447e-06,9.587083087535364e-05,0.00021510104940977265,0.009208008328427943,0.0005,True,104.0,used_close,training_data_region,750.0,4.0,26.0,0.0001126779165827265,0.00023853135054558108,0.00012580512135319233,0.00027796070599245325,0.00013092531271829763,0.00011754668685927085,0.00015271060874929058,0.00014035870114871877,0.00028719103388662333,0.0002608404849533597,0.0003424417284990924,0.0003112779469118769,13.937256101753759,3.9107726831419063,16.943315632984564,3.2140028082541097,2.0805656999873463
paper_poly4,Poly4,3,tanh,"16,8,4",3,True,3,1,1000,750,250,0.00011943509161937982,1.5557041462011447e-06,0.0001052567486336888,0.00023940391145186785,0.009681357614775312,0.0005,True,26.0,used_close,training_data_region,750.0,1.0,26.0,0.0001740652466318016,0.0003558815025924005,0.0002918666492404118,0.0006152916646543476,0.002606032603426867,0.0008433341743677882,0.013550108920133083,0.8912431777191244,0.005493229788416447,0.0016902982194522032,0.027198010020746854,0.06116354619103487,93.32068039352576,88.80034544247012,93.52145247331823,88.79909109297027,1.6941067000007024
paper_poly4,Poly4,3,tanh,"16,8,4",3,True,3,1,1000,750,250,0.00011943509161937982,1.5557041462011447e-06,0.0001052567486336888,0.00023940391145186785,0.009681357614775312,0.0005,True,52.0,used_close,training_data_region,750.0,2.0,26.0,0.00011071146503056025,0.0002547315629778985,0.000134553331774846,0.0003022272258401387,0.00013290009955680662,0.00010920162034991934,0.00018038662769539164,0.00017160186355484234,0.0002937269508486226,0.0002499428807566115,0.000399378887979792,0.0003790772846885056,16.69572453311978,-1.2439661245947509,13.276067367349295,-2.8939377087997826,1.8198428000032436
paper_poly4,Poly4,3,tanh,"16,8,4",3,True,3,1,1000,750,250,0.00011943509161937982,1.5557041462011447e-06,0.0001052567486336888,0.00023940391145186785,0.009681357614775312,0.0005,True,78.0,used_close,training_data_region,750.0,3.0,26.0,0.00011441106578475058,0.0002592605729861262,0.00011611154720114697,0.0002578346144988147,0.00012185365882608524,0.00010542262799342451,0.0001354292875522038,0.00012538207308160712,0.00027128588720338955,0.00023934865647619712,0.0002987707034258478,0.0002811650714250288,6.107812529418623,4.712301362352736,4.432709103016364,4.958338542133634,1.9772013000037987
paper_poly4,Poly4,3,tanh,"16,8,4",3,True,3,1,1000,750,250,0.00011943509161937982,1.5557041462011447e-06,0.0001052567486336888,0.00023940391145186785,0.009681357614775312,0.0005,True,104.0,used_close,training_data_region,750.0,4.0,26.0,0.00011834537175894774,0.0002652850649457493,0.00013515806736912874,0.00030185042934906633,0.00011722930470527254,0.0001053094719296864,0.00012906500615989273,0.00012253279529418905,0.0002642808999902676,0.00023831383173243573,0.0002913304985404809,0.00027492695834902025,-0.9520375954469043,-15.293755011966589,-0.3799612289494369,-14.215756553039675,2.1597651000047335
paper_poly4,Poly4,3,tanh,"16,8,4",3,True,4,0,1000,750,250,1.3361123819777276e-05,9.31926107203524e-08,1.2468603289924944e-05,2.820977156358777e-05,0.0033500124569579084,0.0005,True,26.0,used_close,training_data_region,750.0,1.0,26.0,1.5071273002948182e-05,3.026104029092276e-05,6.513081785307111e-05,0.00010627452937693986,0.0052758687286976235,0.0007792345968255991,0.030567909805917913,3449.453197458359,0.010292355054751352,0.0015365053269237464,0.05806505323830683,0.1073744217408191,99.71433570890477,98.76549586044858,99.70598526644342,98.96744205955197,1.6170064000034472
paper_poly4,Poly4,3,tanh,"16,8,4",3,True,4,0,1000,750,250,1.3361123819777276e-05,9.31926107203524e-08,1.2468603289924944e-05,2.820977156358777e-05,0.0033500124569579084,0.0005,True,52.0,used_close,training_data_region,750.0,2.0,26.0,1.0050420567750155e-05,2.091993657446976e-05,1.091051846114811e-05,2.2804766990605248e-05,4.012273577067802e-05,2.6982509701261666e-05,7.143933031233783e-05,7.068791176681244e-05,8.304443910781909e-05,5.886776981180904e-05,0.00015284260945475854,0.00014753335269925076,74.95080937353461,72.80714225593361,74.80874481275166,72.53907999667848,1.7531568000122206
paper_poly4,Poly4,3,tanh,"16,8,4",3,True,4,0,1000,750,250,1.3361123819777276e-05,9.31926107203524e-08,1.2468603289924944e-05,2.820977156358777e-05,0.0033500124569579084,0.0005,True,78.0,used_close,training_data_region,750.0,3.0,26.0,9.201653216830682e-06,1.9267345158219697e-05,1.9542708453798613e-05,4.487784270816451e-05,2.373267619899279e-05,1.819010215735453e-05,3.805783012030883e-05,3.264459022081698e-05,5.1462558538997675e-05,4.05945661805989e-05,7.91969100508966e-05,6.900305128391893e-05,61.22791572397049,17.654847308673933,62.56046006026081,12.795158301045893,1.886548300011782
paper_poly4,Poly4,3,tanh,"16,8,4",3,True,4,0,1000,750,250,1.3361123819777276e-05,9.31926107203524e-08,1.2468603289924944e-05,2.820977156358777e-05,0.0033500124569579084,0.0005,True,104.0,used_close,training_data_region,750.0,4.0,26.0,8.385455355663632e-06,1.8248126348123284e-05,1.5969312867491174e-05,3.572290693995054e-05,2.200005249640595e-05,1.7372104221810194e-05,3.02637273985718e-05,2.6531609456060316e-05,4.903615634903254e-05,3.8575210451506315e-05,6.480549153315817e-05,5.724854267859146e-05,61.8843847893839,27.41238744725719,62.78638517620415,27.14986328520561,2.020419000007678
paper_poly4,Poly4,3,tanh,"16,8,4",3,True,4,1,1000,750,250,1.739818799251225e-05,9.31926107203524e-08,1.634944103154314e-05,3.607304005053268e-05,0.003865838871480334,0.0005,True,26.0,used_close,training_data_region,750.0,1.0,26.0,3.1455406991047054e-05,6.428200761076183e-05,0.0001398794350029402,0.00026055027800025294,0.0024576133966790195,0.0008062397727412472,0.02127502274295973,15.658771281270417,0.004844856832577243,0.0015447067811632754,0.03897468576825844,0.0738534231529458,98.72008318991291,94.3083222449894,98.67319077049865,94.62212637020995,1.6540067000023555
paper_poly4,Poly4,3,tanh,"16,8,4",3,True,4,1,1000,750,250,1.739818799251225e-05,9.31926107203524e-08,1.634944103154314e-05,3.607304005053268e-05,0.003865838871480334,0.0005,True,52.0,used_close,training_data_region,750.0,2.0,26.0,1.4736102667535712e-05,3.365333592821501e-05,1.4724170971085054e-05,3.319276742515019e-05,4.824289960233684e-05,3.07798491994031e-05,9.180842755850803e-05,8.197677154402239e-05,9.933937252968191e-05,6.502619210108266e-05,0.00018980240913361163,0.00016881658241640364,69.45435952439745,69.4790920685625,66.1228623946063,66.5864937739239,1.776490800009924
paper_poly4,Poly4,3,tanh,"16,8,4",3,True,4,1,1000,750,250,1.739818799251225e-05,9.31926107203524e-08,1.634944103154314e-05,3.607304005053268e-05,0.003865838871480334,0.0005,True,78.0,used_close,training_data_region,750.0,3.0,26.0,1.4700436573462463e-05,3.2838781200090124e-05,1.3144734300144068e-05,2.5862934979210012e-05,3.1835412647381084e-05,1.92686941518085e-05,4.395458323458913e-05,3.73628377983347e-05,6.598141304120747e-05,4.221590459585916e-05,9.585947417657223e-05,7.899549502869336e-05,53.82363427705786,58.71033793172645,50.2302547240368,60.80269611222513,1.9014937000029022
paper_poly4,Poly4,3,tanh,"16,8,4",3,True,4,1,1000,750,250,1.739818799251225e-05,9.31926107203524e-08,1.634944103154314e-05,3.607304005053268e-05,0.003865838871480334,0.0005,True,104.0,used_close,training_data_region,750.0,4.0,26.0,1.5298266935860587e-05,3.421242019010678e-05,1.1717681649760007e-05,2.4552343100878588e-05,2.448887430097189e-05,1.937324421588898e-05,3.642239980335316e-05,3.277490398779904e-05,5.2926606862156746e-05,4.252780206031344e-05,7.709650277052338e-05,6.955911584799763e-05,37.52972575283526,52.1509992425623,35.35875012881445,53.610585381331425,2.033836300004623
